{"type":"FeatureCollection","features":[{"type":"Feature","geometry":{"type":"Point","coordinates":[-107.178914,39.592539]},"properties":{"id":"OpenTMS-Incident35392082048","title":"Maintenance Operations","type":"Maintenance Operations","roads":"I-70W","chain_law":false,"closure":true,"pass_relevant":false,"observed":"2026-09-30T20:18:48.238Z","source":"incident"}},{"type":"Feature","geometry":{"type":"Point","coordinates":[-105.759235,39.829567]},"properties":{"id":"OpenTMS-Incident35505270561","title":"Maintenance Operations","type":"Maintenance Operations","roads":"US-40E","chain_law":false,"closure":true,"pass_relevant":false,"observed":"2026-10-01T14:53:35.247Z","source":"incident"}},{"type":"Feature","geometry":{"type":"Point","coordinates":[-104.602979,38.250834]},"properties":{"id":"OpenTMS-Incident34528616432","title":"Maintenance Operations","type":"Maintenance Operations","roads":"US-50E","chain_law":false,"closure":true,"pass_relevant":false,"observed":"2026-09-30T11:26:49.925Z","source":"incident"}},{"type":"Feature","geometry":{"type":"Point","coordinates":[-104.860858,39.378981]},"properties":{"id":"OpenTMS-Incident35512480754","title":"3+ Vehicle Crash","type":"3+ Vehicle Crash","roads":"I-25N","chain_law":false,"closure":false,"pass_relevant":false,"observed":"2026-10-01T23:52:11.572Z","source":"incident"}},{"type":"Feature","geometry":{"type":"Point","coordinates":[-105.185184,39.725385]},"properties":{"id":"OpenTMS-Incident35511288592","title":"3+ Vehicle Crash","type":"3+ Vehicle Crash","roads":"US-6W","chain_law":false,"closure":true,"pass_relevant":true,"observed":"2026-10-01T23:18:18.021Z","source":"incident"}},{"type":"Feature","geometry":{"type":"Point","coordinates":[-104.667855,40.080543]},"properties":{"id":"OpenTMS-Incident33531957531","title":"Maintenance Operations","type":"Maintenance Operations","roads":"CO-52W","chain_law":false,"closure":false,"pass_relevant":false,"observed":"2026-06-22T15:14:55.892Z","source":"incident"}},{"type":"Feature","geometry":{"type":"Point","coordinates":[-104.736619,38.728726]},"properties":{"id":"OpenTMS-Incident35512340952","title":"3+ Vehicle Crash","type":"3+ Vehicle Crash","roads":"I-25N","chain_law":false,"closure":false,"pass_relevant":false,"observed":"2026-10-01T23:44:39.167Z","source":"incident"}},{"type":"Feature","geometry":{"type":"Point","coordinates":[-107.86669,37.233631]},"properties":{"id":"OpenTMS-Event35386866688","title":"Paving Operations-147651","type":"Paving Operations","roads":"US-160E","chain_law":false,"closure":true,"pass_relevant":false,"observed":"2026-09-25T12:50:01.514Z","source":"planned"}},{"type":"Feature","geometry":{"type":"Point","coordinates":[-105.612759,38.26572]},"properties":{"id":"OpenTMS-Event35486402329","title":"CO 69 Resurfacing Hillside to Texas Creek-148539","type":"Paving Operations","roads":"CO-69N","chain_law":false,"closure":false,"pass_relevant":false,"observed":"2026-09-30T15:23:10.884Z","source":"planned"}},{"type":"Feature","geometry":{"type":"Point","coordinates":[-107.036952,37.272958]},"properties":{"id":"OpenTMS-Event35367606717","title":"US 160 Pagosa Springs Reconstruction-147581","type":"Road Construction","roads":"US-160W","chain_law":false,"closure":false,"pass_relevant":false,"observed":"2026-09-24T13:03:02.150Z","source":"planned"}},{"type":"Feature","geometry":{"type":"Point","coordinates":[-108.737506,39.157621]},"properties":{"id":"OpenTMS-Event35357959160","title":"US 6 Resurfacing-147705","type":"Road Construction","roads":"US-6W","chain_law":false,"closure":false,"pass_relevant":true,"observed":"2026-10-01T15:39:01.135Z","source":"planned"}},{"type":"Feature","geometry":{"type":"Point","coordinates":[-108.564494,39.067281]},"properties":{"id":"OpenTMS-Event35509265100","title":"I-70B East of Third Street Reconstruction-148788","type":"Road Construction","roads":"5TH ST","chain_law":false,"closure":false,"pass_relevant":false,"observed":"2026-10-01T19:32:14.182Z","source":"planned"}},{"type":"Feature","geometry":{"type":"Point","coordinates":[-105.002826,39.74016]},"properties":{"id":"OpenTMS-Event35450949322","title":"Colfax Downtown Rail Reconstruction - 7th & 9th-148329","type":"Road Construction","roads":"US-40W","chain_law":false,"closure":false,"pass_relevant":false,"observed":"2026-09-28T19:29:51.451Z","source":"planned"}},{"type":"Feature","geometry":{"type":"Point","coordinates":[-104.699362,39.740098]},"properties":{"id":"OpenTMS-Event35498325452","title":"I-70 Aerotropolis Interchange-146669","type":"Bridge Construction","roads":"I-70E","chain_law":false,"closure":true,"pass_relevant":true,"observed":"2026-10-01T06:05:40.124Z","source":"planned"}},{"type":"Feature","geometry":{"type":"Point","coordinates":[-107.675511,38.017869]},"properties":{"id":"OpenTMS-Event35437765610","title":"Ouray Ped Improvements -148225","type":"Road Construction","roads":"US-550N","chain_law":false,"closure":true,"pass_relevant":false,"observed":"2026-09-28T21:41:48.836Z","source":"planned"}},{"type":"Feature","geometry":{"type":"Point","coordinates":[-105.090584,39.9207]},"properties":{"id":"OpenTMS-Event35474925446","title":"US 287 Improvements - Broomfield-148468","type":"Road Construction","roads":"US-287N","chain_law":false,"closure":false,"pass_relevant":false,"observed":"2026-09-30T01:05:59.991Z","source":"planned"}},{"type":"Feature","geometry":{"type":"Point","coordinates":[-105.237708,39.985813]},"properties":{"id":"OpenTMS-Event35505919888","title":"Boulder Traffic Signals-148699","type":"Traffic Sign Maintenance","roads":"TABLE MESA DR","chain_law":false,"closure":false,"pass_relevant":false,"observed":"2026-10-01T15:29:46.505Z","source":"planned"}},{"type":"Feature","geometry":{"type":"Point","coordinates":[-104.436877,39.026242]},"properties":{"id":"OpenTMS-Event35379111366","title":"New Project: 26310 - US 24 Resurfacing from Peyton to Calhan-148089","type":"Paving Operations","roads":"US-24W","chain_law":false,"closure":true,"pass_relevant":false,"observed":"2026-10-01T22:04:43.581Z","source":"planned"}},{"type":"Feature","geometry":{"type":"Point","coordinates":[-105.78426,39.917746]},"properties":{"id":"OpenTMS-Event35507024924","title":"Road Construction-148649","type":"Road Construction","roads":"US-40E","chain_law":false,"closure":true,"pass_relevant":false,"observed":"2026-10-01T16:45:03.032Z","source":"planned"}},{"type":"Feature","geometry":{"type":"Point","coordinates":[-105.398244,39.816103]},"properties":{"id":"OpenTMS-Event35367614014","title":"CO 46 Resurfacing-147797","type":"Sign Work","roads":"CO-46W","chain_law":false,"closure":false,"pass_relevant":false,"observed":"2026-09-24T13:03:39.306Z","source":"planned"}},{"type":"Feature","geometry":{"type":"Point","coordinates":[-104.801559,39.769223]},"properties":{"id":"OpenTMS-Event35493299138","title":"i-70 Pavement Repairs Chambers to E-470-148666","type":"Road Construction","roads":"I-70E","chain_law":false,"closure":true,"pass_relevant":true,"observed":"2026-09-30T23:52:11.100Z","source":"planned"}},{"type":"Feature","geometry":{"type":"Point","coordinates":[-103.544498,38.85065]},"properties":{"id":"OpenTMS-Event35507024405","title":"Paving Operations-148621","type":"Paving Operations","roads":"CO-94E","chain_law":false,"closure":false,"pass_relevant":false,"observed":"2026-10-01T16:44:58.848Z","source":"planned"}},{"type":"Feature","geometry":{"type":"Point","coordinates":[-108.544317,39.115245]},"properties":{"id":"OpenTMS-Event35507091040","title":"Paving Operations-148497","type":"Paving Operations","roads":"I-70E","chain_law":false,"closure":true,"pass_relevant":false,"observed":"2026-10-01T16:49:47.995Z","source":"planned"}},{"type":"Feature","geometry":{"type":"Point","coordinates":[-105.091558,39.917547]},"properties":{"id":"OpenTMS-Event35470600182","title":"US 287 Improvements - Broomfield-148475","type":"Road Construction","roads":"CO-121N","chain_law":false,"closure":false,"pass_relevant":false,"observed":"2026-09-29T19:44:26.003Z","source":"planned"}},{"type":"Feature","geometry":{"type":"Point","coordinates":[-106.003122,39.22535]},"properties":{"id":"OpenTMS-Event35508174352","title":"Fairplay Mobility Hub-148784","type":"Road Construction","roads":"CO-9N","chain_law":false,"closure":true,"pass_relevant":false,"observed":"2026-10-01T18:10:56.900Z","source":"planned"}},{"type":"Feature","geometry":{"type":"Point","coordinates":[-104.992706,39.680982]},"properties":{"id":"OpenTMS-Event35478952126","title":"US 85 & West Jewell Ave-147311","type":"Bridge Construction","roads":"US-85S","chain_law":false,"closure":false,"pass_relevant":false,"observed":"2026-09-30T06:05:00.483Z","source":"planned"}},{"type":"Feature","geometry":{"type":"Point","coordinates":[-105.49159,39.842729]},"properties":{"id":"OpenTMS-Event35467403216","title":"CO 46 Resurfacing-148453","type":"Sign Work","roads":"CO-46W","chain_law":false,"closure":false,"pass_relevant":false,"observed":"2026-09-29T15:46:45.519Z","source":"planned"}},{"type":"Feature","geometry":{"type":"Point","coordinates":[-107.945126,39.495097]},"properties":{"id":"OpenTMS-Event35488939710","title":"Seeding-148554","type":"Other","roads":"I-70E","chain_law":false,"closure":true,"pass_relevant":false,"observed":"2026-09-30T18:27:36.805Z","source":"planned"}},{"type":"Feature","geometry":{"type":"Point","coordinates":[-105.304221,39.712512]},"properties":{"id":"OpenTMS-Event35503934174","title":"I-70 Resurfacing - Chief Hosa to Colfax-148432","type":"IT or Fiber Optics","roads":"I-70E","chain_law":false,"closure":true,"pass_relevant":true,"observed":"2026-10-01T13:01:33.706Z","source":"planned"}},{"type":"Feature","geometry":{"type":"Point","coordinates":[-105.398244,39.816103]},"properties":{"id":"OpenTMS-Event35467342253","title":"CO 46 Resurfacing-148445","type":"Paving Operations","roads":"CO-46E","chain_law":false,"closure":false,"pass_relevant":false,"observed":"2026-09-29T15:42:06.681Z","source":"planned"}},{"type":"Feature","geometry":{"type":"Point","coordinates":[-108.544317,39.115245]},"properties":{"id":"OpenTMS-Event35507090954","title":"Paving Operations-148495","type":"Paving Operations","roads":"I-70E","chain_law":false,"closure":true,"pass_relevant":false,"observed":"2026-10-01T16:49:45.635Z","source":"planned"}},{"type":"Feature","geometry":{"type":"Point","coordinates":[-105.08402,39.554261]},"properties":{"id":"OpenTMS-Event35469785593","title":"CTIO (C-470 EB & WB) Mobile Shoulder Closure and Short-Term Stationary Lane Closure-148103","type":"Road Maintenance Operations","roads":"CO-470E","chain_law":false,"closure":true,"pass_relevant":false,"observed":"2026-09-30T21:29:18.192Z","source":"planned"}},{"type":"Feature","geometry":{"type":"Point","coordinates":[-105.149963,39.617606]},"properties":{"id":"OpenTMS-Event35508114369","title":"C-470 & Bowles Ave Interchange Improvements-148771","type":"Road Construction","roads":"CO-470E","chain_law":false,"closure":true,"pass_relevant":false,"observed":"2026-10-01T18:10:53.067Z","source":"planned"}},{"type":"Feature","geometry":{"type":"Point","coordinates":[-105.810795,39.691922]},"properties":{"id":"OpenTMS-Event35511041241","title":"R3 - I-70 Chain Station Technology & Communications Upgrades-148866","type":"Other","roads":"I-70W","chain_law":true,"closure":true,"pass_relevant":true,"observed":"2026-10-01T21:49:56.435Z","source":"planned"}},{"type":"Feature","geometry":{"type":"Point","coordinates":[-107.675511,38.017869]},"properties":{"id":"OpenTMS-Event35484616910","title":"Ouray Ped Improvements -148231","type":"Road Construction","roads":"US-550N","chain_law":false,"closure":true,"pass_relevant":false,"observed":"2026-09-30T13:05:34.764Z","source":"planned"}},{"type":"Feature","geometry":{"type":"Point","coordinates":[-107.036952,37.272958]},"properties":{"id":"OpenTMS-Event35445737492","title":"US 160 Pagosa Springs Reconstruction-147584","type":"Road Construction","roads":"US-160W","chain_law":false,"closure":false,"pass_relevant":false,"observed":"2026-09-28T13:04:06.666Z","source":"planned"}},{"type":"Feature","geometry":{"type":"Point","coordinates":[-104.992706,39.680982]},"properties":{"id":"OpenTMS-Event35381360595","title":"US 85 & West Jewell Ave-147316","type":"Bridge Construction","roads":"US-85S","chain_law":false,"closure":false,"pass_relevant":false,"observed":"2026-09-25T06:01:35.128Z","source":"planned"}},{"type":"Feature","geometry":{"type":"Point","coordinates":[-105.039736,38.419881]},"properties":{"id":"OpenTMS-Event35356375253","title":"CO 115  Concrete Preventive Maintenance-147738","type":"Concrete Slab Replacement","roads":"CO-115N","chain_law":false,"closure":true,"pass_relevant":false,"observed":"2026-10-01T16:19:09.480Z","source":"planned"}},{"type":"Feature","geometry":{"type":"Point","coordinates":[-106.10144,39.589255]},"properties":{"id":"OpenTMS-Event35381360908","title":"Frisco Exit 203-145570","type":"Bridge Construction","roads":"I-70E","chain_law":false,"closure":true,"pass_relevant":false,"observed":"2026-09-29T16:57:10.077Z","source":"planned"}},{"type":"Feature","geometry":{"type":"Point","coordinates":[-106.272835,39.05573]},"properties":{"id":"OpenTMS-Event35506956943","title":"Paving Operations-148727","type":"Paving Operations","roads":"US-24E","chain_law":false,"closure":false,"pass_relevant":false,"observed":"2026-10-01T16:39:54.680Z","source":"planned"}},{"type":"Feature","geometry":{"type":"Point","coordinates":[-104.436877,39.026242]},"properties":{"id":"OpenTMS-Event35511308974","title":"New Project: 26310 - US 24 Resurfacing from Peyton to Calhan-148890","type":"Paving Operations","roads":"US-24W","chain_law":false,"closure":false,"pass_relevant":false,"observed":"2026-10-01T22:04:46.385Z","source":"planned"}},{"type":"Feature","geometry":{"type":"Point","coordinates":[-105.028843,39.573336]},"properties":{"id":"OpenTMS-Event35381367493","title":"Santa Fe Drive Mineral Ave Operational Improvements-145438","type":"Other","roads":"US-85S","chain_law":false,"closure":true,"pass_relevant":false,"observed":"2026-09-25T06:02:01.092Z","source":"planned"}},{"type":"Feature","geometry":{"type":"Point","coordinates":[-104.999655,39.740217]},"properties":{"id":"OpenTMS-Event35498330797","title":"Colfax Downtown Rail Reconstruction -148280","type":"Road Construction","roads":"US-40W","chain_law":false,"closure":true,"pass_relevant":false,"observed":"2026-10-01T06:05:59.465Z","source":"planned"}},{"type":"Feature","geometry":{"type":"Point","coordinates":[-106.062628,39.361939]},"properties":{"id":"OpenTMS-Event35429226045","title":"Sign Improvements in Park and Summit Counties-148181","type":"Sign Work","roads":"CO-9N","chain_law":false,"closure":false,"pass_relevant":false,"observed":"2026-09-27T16:54:26.709Z","source":"planned"}},{"type":"Feature","geometry":{"type":"Point","coordinates":[-105.091787,39.917616]},"properties":{"id":"OpenTMS-Event35470600135","title":"US 287 Improvements - Broomfield-148481","type":"Road Construction","roads":"CO-121S","chain_law":false,"closure":false,"pass_relevant":false,"observed":"2026-09-29T19:44:24.984Z","source":"planned"}},{"type":"Feature","geometry":{"type":"Point","coordinates":[-105.149738,39.617988]},"properties":{"id":"OpenTMS-Event35508174264","title":"C-470 & Bowles Ave Interchange Improvements-148782","type":"Road Construction","roads":"CO-470W","chain_law":false,"closure":true,"pass_relevant":false,"observed":"2026-10-01T18:10:54.599Z","source":"planned"}},{"type":"Feature","geometry":{"type":"Point","coordinates":[-105.00126,39.783214]},"properties":{"id":"OpenTMS-Event35511636205","title":"26614 - Denver Metro Essential Wall Repairs-148895","type":"Other","roads":"I-70E","chain_law":false,"closure":false,"pass_relevant":false,"observed":"2026-10-01T22:29:38.004Z","source":"planned"}},{"type":"Feature","geometry":{"type":"Point","coordinates":[-106.272835,39.05573]},"properties":{"id":"OpenTMS-Event35390815860","title":"Paving Operations-147967","type":"Paving Operations","roads":"US-24E","chain_law":false,"closure":false,"pass_relevant":false,"observed":"2026-09-25T17:43:17.535Z","source":"planned"}},{"type":"Feature","geometry":{"type":"Point","coordinates":[-104.699362,39.740098]},"properties":{"id":"OpenTMS-Event35361979836","title":"I-70 Aerotropolis Interchange-146662","type":"Bridge Construction","roads":"I-70E","chain_law":false,"closure":true,"pass_relevant":true,"observed":"2026-09-24T06:02:27.299Z","source":"planned"}},{"type":"Feature","geometry":{"type":"Point","coordinates":[-108.567833,39.064397]},"properties":{"id":"OpenTMS-Event35509265131","title":"I-70B East of Third Street Reconstruction-148785","type":"Road Construction","roads":"CO-70E","chain_law":false,"closure":true,"pass_relevant":false,"observed":"2026-10-01T19:32:15.093Z","source":"planned"}},{"type":"Feature","geometry":{"type":"Point","coordinates":[-105.293969,39.742238]},"properties":{"id":"OpenTMS-Event35488383216","title":"Work Element Highway US 6-148573","type":"Road Construction","roads":"US-6E","chain_law":false,"closure":false,"pass_relevant":false,"observed":"2026-09-30T17:45:56.147Z","source":"planned"}},{"type":"Feature","geometry":{"type":"Point","coordinates":[-105.002826,39.74016]},"properties":{"id":"OpenTMS-Event35486200938","title":"Colfax Downtown Rail Reconstruction - 7th & 9th-148331","type":"Road Construction","roads":"US-40W","chain_law":false,"closure":false,"pass_relevant":false,"observed":"2026-09-30T15:03:15.848Z","source":"planned"}},{"type":"Feature","geometry":{"type":"Point","coordinates":[-105.873388,39.995364]},"properties":{"id":"OpenTMS-Event35507026488","title":"Road Construction-148646","type":"Road Construction","roads":"US-40E","chain_law":false,"closure":false,"pass_relevant":false,"observed":"2026-10-01T16:45:04.684Z","source":"planned"}},{"type":"Feature","geometry":{"type":"Point","coordinates":[-104.801559,39.769223]},"properties":{"id":"OpenTMS-Event35493299120","title":"i-70 Pavement Repairs Chambers to E-470-148665","type":"Road Construction","roads":"I-70E","chain_law":false,"closure":true,"pass_relevant":true,"observed":"2026-09-30T23:52:10.575Z","source":"planned"}},{"type":"Feature","geometry":{"type":"Point","coordinates":[-107.86669,37.233631]},"properties":{"id":"OpenTMS-Event35507024326","title":"Paving Operations-148492","type":"Paving Operations","roads":"US-160E","chain_law":false,"closure":true,"pass_relevant":false,"observed":"2026-10-01T16:44:57.084Z","source":"planned"}},{"type":"Feature","geometry":{"type":"Point","coordinates":[-105.091558,39.917547]},"properties":{"id":"OpenTMS-Event35474925859","title":"US 287 Improvements - Broomfield-148478","type":"Road Construction","roads":"CO-121N","chain_law":false,"closure":false,"pass_relevant":false,"observed":"2026-09-30T01:06:02.881Z","source":"planned"}},{"type":"Feature","geometry":{"type":"Point","coordinates":[-105.304221,39.712512]},"properties":{"id":"OpenTMS-Event35467194385","title":"I-70 Resurfacing - Chief Hosa to Colfax-148430","type":"IT or Fiber Optics","roads":"I-70E","chain_law":false,"closure":true,"pass_relevant":true,"observed":"2026-09-29T15:31:10.915Z","source":"planned"}},{"type":"Feature","geometry":{"type":"Point","coordinates":[-102.284114,40.585691]},"properties":{"id":"OpenTMS-Event33993131404","title":"US 6 and US 385 Bridge Replacements-139870","type":"Bridge Construction","roads":"US-6E","chain_law":false,"closure":false,"pass_relevant":false,"observed":"2026-07-21T00:47:04.713Z","source":"planned"}},{"type":"Feature","geometry":{"type":"Point","coordinates":[-104.699361,39.740231]},"properties":{"id":"OpenTMS-Event35342523778","title":"I-70 Aerotropolis Interchange-146692","type":"Bridge Construction","roads":"I-70W","chain_law":false,"closure":true,"pass_relevant":true,"observed":"2026-09-23T06:02:25.755Z","source":"planned"}},{"type":"Feature","geometry":{"type":"Point","coordinates":[-103.748174,38.206017]},"properties":{"id":"OpenTMS-Event35370034521","title":"Ordway Intersection Project-147896","type":"Road Construction","roads":"CO-71N","chain_law":false,"closure":true,"pass_relevant":false,"observed":"2026-09-24T16:04:49.167Z","source":"planned"}},{"type":"Feature","geometry":{"type":"Point","coordinates":[-105.089582,39.784162]},"properties":{"id":"OpenTMS-Event35504557315","title":"I-70 Bridge Repairs at Kipling & Garrison-148670","type":"Bridge Repair","roads":"I-70W","chain_law":false,"closure":true,"pass_relevant":true,"observed":"2026-10-01T17:51:12.750Z","source":"planned"}},{"type":"Feature","geometry":{"type":"Point","coordinates":[-107.674054,38.030423]},"properties":{"id":"OpenTMS-Event35437765715","title":"Ouray Ped Improvements -148245","type":"Road Construction","roads":"US-550S","chain_law":false,"closure":true,"pass_relevant":false,"observed":"2026-09-28T21:41:51.890Z","source":"planned"}},{"type":"Feature","geometry":{"type":"Point","coordinates":[-107.19681,39.586486]},"properties":{"id":"OpenTMS-Event35484623589","title":"I-70 Glenwood Canyon Bridge Joint Improvements-148519","type":"Bridge Construction","roads":"I-70W","chain_law":false,"closure":true,"pass_relevant":true,"observed":"2026-09-30T13:05:52.228Z","source":"planned"}},{"type":"Feature","geometry":{"type":"Point","coordinates":[-106.305339,39.643549]},"properties":{"id":"OpenTMS-Event35389872883","title":"I-70 West Vail Pass – Lane & Shoulder Closures-148093","type":"Road Construction","roads":"I-70W","chain_law":false,"closure":true,"pass_relevant":true,"observed":"2026-09-25T16:48:47.066Z","source":"planned"}},{"type":"Feature","geometry":{"type":"Point","coordinates":[-105.091697,39.920704]},"properties":{"id":"OpenTMS-Event35470533112","title":"US 287 Improvements - Broomfield-148470","type":"Road Construction","roads":"US-287S","chain_law":false,"closure":false,"pass_relevant":false,"observed":"2026-09-29T19:39:19.594Z","source":"planned"}},{"type":"Feature","geometry":{"type":"Point","coordinates":[-103.800715,40.305171]},"properties":{"id":"OpenTMS-Event35508114441","title":"CO 52 Resurfacing-148760","type":"Paving Operations","roads":"CO-52E","chain_law":false,"closure":false,"pass_relevant":false,"observed":"2026-10-01T18:06:23.620Z","source":"planned"}},{"type":"Feature","geometry":{"type":"Point","coordinates":[-104.699361,39.740231]},"properties":{"id":"OpenTMS-Event35420342861","title":"I-70 Aerotropolis Interchange-146696","type":"Bridge Construction","roads":"I-70W","chain_law":false,"closure":true,"pass_relevant":true,"observed":"2026-09-27T06:01:24.389Z","source":"planned"}},{"type":"Feature","geometry":{"type":"Point","coordinates":[-105.398244,39.816103]},"properties":{"id":"OpenTMS-Event35467336402","title":"CO 46 Resurfacing-148443","type":"Paving Operations","roads":"CO-46E","chain_law":false,"closure":false,"pass_relevant":false,"observed":"2026-09-29T15:42:02.685Z","source":"planned"}},{"type":"Feature","geometry":{"type":"Point","coordinates":[-105.398244,39.816103]},"properties":{"id":"OpenTMS-Event35467338076","title":"CO 46 Resurfacing-148444","type":"Paving Operations","roads":"CO-46E","chain_law":false,"closure":false,"pass_relevant":false,"observed":"2026-09-29T15:42:04.642Z","source":"planned"}},{"type":"Feature","geometry":{"type":"Point","coordinates":[-105.696342,39.716704]},"properties":{"id":"OpenTMS-Event35378909179","title":"R3 - I-70 Chain Station Technology & Communications Upgrades-148073","type":"Other","roads":"I-70E","chain_law":true,"closure":true,"pass_relevant":true,"observed":"2026-10-01T21:49:49.868Z","source":"planned"}},{"type":"Feature","geometry":{"type":"Point","coordinates":[-105.089582,39.784162]},"properties":{"id":"OpenTMS-Event35504557290","title":"I-70 Bridge Repairs at Kipling & Garrison-148669","type":"Bridge Repair","roads":"I-70W","chain_law":false,"closure":true,"pass_relevant":true,"observed":"2026-10-01T17:51:12.240Z","source":"planned"}},{"type":"Feature","geometry":{"type":"Point","coordinates":[-105.49159,39.842729]},"properties":{"id":"OpenTMS-Event35356793711","title":"CO 46 Resurfacing-147786","type":"Sign Work","roads":"CO-46W","chain_law":false,"closure":false,"pass_relevant":false,"observed":"2026-09-23T23:36:16.943Z","source":"planned"}},{"type":"Feature","geometry":{"type":"Point","coordinates":[-104.64165,40.073229]},"properties":{"id":"OpenTMS-Event35505572790","title":"Main Street Revitalization – CO 52 between Ash and 6th-148685","type":"Road Construction","roads":"CO-52E","chain_law":false,"closure":true,"pass_relevant":false,"observed":"2026-10-01T15:03:48.300Z","source":"planned"}},{"type":"Feature","geometry":{"type":"Point","coordinates":[-104.992706,39.680982]},"properties":{"id":"OpenTMS-Event35400786245","title":"US 85 & West Jewell Ave-147315","type":"Bridge Construction","roads":"US-85S","chain_law":false,"closure":false,"pass_relevant":false,"observed":"2026-09-26T06:01:35.515Z","source":"planned"}},{"type":"Feature","geometry":{"type":"Point","coordinates":[-104.757966,39.477557]},"properties":{"id":"OpenTMS-Event35486201214","title":"Parker Sidewalks-148441","type":"Bridge Construction","roads":"CO-83N","chain_law":false,"closure":true,"pass_relevant":false,"observed":"2026-09-30T15:03:33.870Z","source":"planned"}},{"type":"Feature","geometry":{"type":"Point","coordinates":[-105.304221,39.712512]},"properties":{"id":"OpenTMS-Event35367613191","title":"I-70 Resurfacing - Chief Hosa to Colfax-147487","type":"IT or Fiber Optics","roads":"I-70E","chain_law":false,"closure":true,"pass_relevant":true,"observed":"2026-09-24T13:03:18.314Z","source":"planned"}},{"type":"Feature","geometry":{"type":"Point","coordinates":[-105.293969,39.742238]},"properties":{"id":"OpenTMS-Event35488383417","title":"Work Element Highway US 6-148580","type":"Road Construction","roads":"US-6E","chain_law":false,"closure":true,"pass_relevant":false,"observed":"2026-09-30T17:45:59.766Z","source":"planned"}},{"type":"Feature","geometry":{"type":"Point","coordinates":[-105.249152,39.994836]},"properties":{"id":"OpenTMS-Event35511636400","title":"26614 - Denver Metro Essential Wall Repairs-148894","type":"Other","roads":"US-36W","chain_law":false,"closure":true,"pass_relevant":false,"observed":"2026-10-01T22:29:38.515Z","source":"planned"}},{"type":"Feature","geometry":{"type":"Point","coordinates":[-106.10144,39.589255]},"properties":{"id":"OpenTMS-Event35342530490","title":"Frisco Exit 203-145568","type":"Bridge Construction","roads":"I-70E","chain_law":false,"closure":true,"pass_relevant":false,"observed":"2026-09-29T16:57:13.121Z","source":"planned"}},{"type":"Feature","geometry":{"type":"Point","coordinates":[-104.984017,38.251502]},"properties":{"id":"OpenTMS-Event35510618804","title":"Timber Bridge Rehabilitation -148851","type":"Road Construction","roads":"CO-96E","chain_law":false,"closure":false,"pass_relevant":false,"observed":"2026-10-01T21:19:17.858Z","source":"planned"}},{"type":"Feature","geometry":{"type":"Point","coordinates":[-104.828169,39.772378]},"properties":{"id":"OpenTMS-Event35493299176","title":"i-70 Pavement Repairs Chambers to E-470-148660","type":"Road Construction","roads":"I-70E","chain_law":false,"closure":true,"pass_relevant":true,"observed":"2026-09-30T23:52:12.224Z","source":"planned"}},{"type":"Feature","geometry":{"type":"Point","coordinates":[-104.871509,39.555516]},"properties":{"id":"OpenTMS-Event35469785611","title":"CTIO (C-470 EB & WB) Mobile Shoulder Closure and Short-Term Stationary Lane Closure-148105","type":"Road Maintenance Operations","roads":"CO-470W","chain_law":false,"closure":true,"pass_relevant":false,"observed":"2026-09-30T21:29:19.062Z","source":"planned"}},{"type":"Feature","geometry":{"type":"Point","coordinates":[-104.828169,39.772378]},"properties":{"id":"OpenTMS-Event35497526009","title":"i-70 Pavement Repairs Chambers to E-470-148662","type":"Road Construction","roads":"I-70E","chain_law":false,"closure":true,"pass_relevant":true,"observed":"2026-10-01T05:06:06.269Z","source":"planned"}},{"type":"Feature","geometry":{"type":"Point","coordinates":[-105.091787,39.917616]},"properties":{"id":"OpenTMS-Event35470600117","title":"US 287 Improvements - Broomfield-148480","type":"Road Construction","roads":"CO-121S","chain_law":false,"closure":false,"pass_relevant":false,"observed":"2026-09-29T19:44:24.242Z","source":"planned"}},{"type":"Feature","geometry":{"type":"Point","coordinates":[-104.873485,38.360558]},"properties":{"id":"OpenTMS-Event35507024484","title":"Road Construction-148626","type":"Road Construction","roads":"US-50E","chain_law":false,"closure":true,"pass_relevant":false,"observed":"2026-10-01T16:45:00.626Z","source":"planned"}},{"type":"Feature","geometry":{"type":"Point","coordinates":[-105.176262,40.761207]},"properties":{"id":"OpenTMS-Event35507024234","title":"US 287 Intersection Improvements-148731","type":"Road Construction","roads":"US-287N","chain_law":false,"closure":true,"pass_relevant":false,"observed":"2026-10-01T16:44:54.914Z","source":"planned"}},{"type":"Feature","geometry":{"type":"Point","coordinates":[-105.091697,39.920704]},"properties":{"id":"OpenTMS-Event35494240539","title":"US 287 Improvements - Broomfield-148474","type":"Road Construction","roads":"US-287S","chain_law":false,"closure":false,"pass_relevant":false,"observed":"2026-10-01T01:02:33.669Z","source":"planned"}},{"type":"Feature","geometry":{"type":"Point","coordinates":[-105.018854,39.563046]},"properties":{"id":"OpenTMS-Event35469785574","title":"CTIO (C-470 EB & WB) Mobile Shoulder Closure and Short-Term Stationary Lane Closure-148104","type":"Road Maintenance Operations","roads":"CO-470E","chain_law":false,"closure":true,"pass_relevant":false,"observed":"2026-09-30T21:29:16.876Z","source":"planned"}},{"type":"Feature","geometry":{"type":"Point","coordinates":[-105.028843,39.573336]},"properties":{"id":"OpenTMS-Event35359612418","title":"Santa Fe Drive Mineral Ave Operational Improvements-147764","type":"IT or Fiber Optics","roads":"US-85S","chain_law":false,"closure":true,"pass_relevant":false,"observed":"2026-09-24T03:05:36.241Z","source":"planned"}},{"type":"Feature","geometry":{"type":"Point","coordinates":[-105.235059,39.986309]},"properties":{"id":"OpenTMS-Event35369696960","title":"Boulder Traffic Signals-147871","type":"Traffic Sign Maintenance","roads":"TABLE MESA DR","chain_law":false,"closure":true,"pass_relevant":false,"observed":"2026-10-01T15:29:47.828Z","source":"planned"}},{"type":"Feature","geometry":{"type":"Point","coordinates":[-107.945126,39.495097]},"properties":{"id":"OpenTMS-Event35488939909","title":"Seeding-148557","type":"Other","roads":"I-70E","chain_law":false,"closure":true,"pass_relevant":false,"observed":"2026-09-30T18:27:38.427Z","source":"planned"}},{"type":"Feature","geometry":{"type":"Point","coordinates":[-105.293969,39.742238]},"properties":{"id":"OpenTMS-Event35358788657","title":"Work Element Highway US 6-147812","type":"Road Construction","roads":"US-6E","chain_law":false,"closure":true,"pass_relevant":false,"observed":"2026-09-24T02:04:23.507Z","source":"planned"}},{"type":"Feature","geometry":{"type":"Point","coordinates":[-105.304221,39.712512]},"properties":{"id":"OpenTMS-Event35348237856","title":"I-70 Resurfacing - Chief Hosa to Colfax-147486","type":"IT or Fiber Optics","roads":"I-70E","chain_law":false,"closure":true,"pass_relevant":true,"observed":"2026-09-23T13:01:50.560Z","source":"planned"}},{"type":"Feature","geometry":{"type":"Point","coordinates":[-105.089582,39.784162]},"properties":{"id":"OpenTMS-Event35504557167","title":"I-70 Bridge Repairs at Kipling & Garrison-148671","type":"Bridge Repair","roads":"I-70W","chain_law":false,"closure":true,"pass_relevant":true,"observed":"2026-10-01T17:51:09.222Z","source":"planned"}},{"type":"Feature","geometry":{"type":"Point","coordinates":[-106.304065,39.642991]},"properties":{"id":"OpenTMS-Event35498337500","title":"I-70 West Vail Pass – Lane & Shoulder Closures-148571","type":"Road Construction","roads":"I-70W","chain_law":false,"closure":true,"pass_relevant":true,"observed":"2026-10-01T06:06:22.428Z","source":"planned"}},{"type":"Feature","geometry":{"type":"Point","coordinates":[-106.305468,39.643381]},"properties":{"id":"OpenTMS-Event35488383180","title":"I-70 West Vail Pass – Lane & Shoulder Closures-148563","type":"Road Construction","roads":"I-70E","chain_law":false,"closure":true,"pass_relevant":true,"observed":"2026-09-30T17:45:54.334Z","source":"planned"}},{"type":"Feature","geometry":{"type":"Point","coordinates":[-104.931545,39.803666]},"properties":{"id":"OpenTMS-Event35505639250","title":"Various intersection & median work – Vasquez Blvd between I-270 and 64th Ave-148690","type":"Road Construction","roads":"US-6E","chain_law":false,"closure":true,"pass_relevant":false,"observed":"2026-10-01T15:08:47.317Z","source":"planned"}},{"type":"Feature","geometry":{"type":"Point","coordinates":[-104.999655,39.740217]},"properties":{"id":"OpenTMS-Event35450949264","title":"Colfax Downtown Rail Reconstruction -148410","type":"Road Construction","roads":"US-40W","chain_law":false,"closure":true,"pass_relevant":false,"observed":"2026-09-28T19:29:49.796Z","source":"planned"}},{"type":"Feature","geometry":{"type":"Point","coordinates":[-107.19681,39.586486]},"properties":{"id":"OpenTMS-Event35477044672","title":"I-70 Glenwood Canyon Bridge Joint Improvements-148517","type":"Bridge Construction","roads":"I-70W","chain_law":false,"closure":true,"pass_relevant":true,"observed":"2026-09-30T03:43:07.842Z","source":"planned"}},{"type":"Feature","geometry":{"type":"Point","coordinates":[-104.67005,37.495169]},"properties":{"id":"OpenTMS-Event35369759332","title":"R2 Pavement Marking-147881","type":"Striping Operations","roads":"I-25N","chain_law":false,"closure":false,"pass_relevant":false,"observed":"2026-09-24T15:44:38.990Z","source":"planned"}},{"type":"Feature","geometry":{"type":"Point","coordinates":[-106.83311,39.656321]},"properties":{"id":"OpenTMS-Event35390815974","title":"Road Construction-147953","type":"Road Construction","roads":"I-70E","chain_law":false,"closure":true,"pass_relevant":true,"observed":"2026-09-28T21:05:14.297Z","source":"planned"}},{"type":"Feature","geometry":{"type":"Point","coordinates":[-106.964908,39.653831]},"properties":{"id":"OpenTMS-Event35390815937","title":"Road Construction-147959","type":"Road Construction","roads":"I-70E","chain_law":false,"closure":true,"pass_relevant":false,"observed":"2026-09-28T21:05:17.082Z","source":"planned"}},{"type":"Feature","geometry":{"type":"Point","coordinates":[-105.398244,39.816103]},"properties":{"id":"OpenTMS-Event35503934269","title":"CO 46 Resurfacing-148452","type":"Paving Operations","roads":"CO-46W","chain_law":false,"closure":false,"pass_relevant":false,"observed":"2026-10-01T13:01:37.476Z","source":"planned"}},{"type":"Feature","geometry":{"type":"Point","coordinates":[-105.017873,40.160543]},"properties":{"id":"OpenTMS-Event31065348918","title":"CO 119 St. Vrain Greenway – Phase 13 – Eastern Extension-127004","type":"Road Construction","roads":"CO-119N","chain_law":false,"closure":true,"pass_relevant":false,"observed":"2026-08-06T17:25:54.092Z","source":"planned"}},{"type":"Feature","geometry":{"type":"Point","coordinates":[-105.091558,39.917547]},"properties":{"id":"OpenTMS-Event35470600200","title":"US 287 Improvements - Broomfield-148476","type":"Road Construction","roads":"CO-121N","chain_law":false,"closure":false,"pass_relevant":false,"observed":"2026-09-29T19:44:26.475Z","source":"planned"}},{"type":"Feature","geometry":{"type":"Point","coordinates":[-107.674054,38.030423]},"properties":{"id":"OpenTMS-Event35445751936","title":"Ouray Ped Improvements -148248","type":"Road Construction","roads":"US-550S","chain_law":false,"closure":true,"pass_relevant":false,"observed":"2026-09-28T21:41:52.602Z","source":"planned"}},{"type":"Feature","geometry":{"type":"Point","coordinates":[-106.062628,39.361939]},"properties":{"id":"OpenTMS-Event35429225670","title":"Sign Improvements in Park and Summit Counties-148180","type":"Sign Work","roads":"CO-9N","chain_law":false,"closure":false,"pass_relevant":false,"observed":"2026-09-27T16:54:17.555Z","source":"planned"}},{"type":"Feature","geometry":{"type":"Point","coordinates":[-104.982752,39.829321]},"properties":{"id":"OpenTMS-Event35355972578","title":"US 36 & I-270 Bridge Preventative Maintenance-147716","type":"Bridge Maintenance Operations","roads":"(F) - I-76 | FT MORGAN | GRAND JCT | BOULDER TURNPIKE | I-25 | DENVER | FORT COLLINS | I-270 | ARVADA | GRAND JCT | BROADWAY","chain_law":false,"closure":true,"pass_relevant":false,"observed":"2026-09-23T22:35:07.817Z","source":"planned"}},{"type":"Feature","geometry":{"type":"Point","coordinates":[-104.873485,38.360558]},"properties":{"id":"OpenTMS-Event35507024450","title":"Road Construction-148628","type":"Road Construction","roads":"US-50E","chain_law":false,"closure":true,"pass_relevant":false,"observed":"2026-10-01T16:44:59.826Z","source":"planned"}},{"type":"Feature","geometry":{"type":"Point","coordinates":[-106.304065,39.642991]},"properties":{"id":"OpenTMS-Event35488383146","title":"I-70 West Vail Pass – Lane & Shoulder Closures-148569","type":"Road Construction","roads":"I-70W","chain_law":false,"closure":true,"pass_relevant":true,"observed":"2026-09-30T17:45:51.887Z","source":"planned"}},{"type":"Feature","geometry":{"type":"Point","coordinates":[-105.16587,39.734865]},"properties":{"id":"OpenTMS-Event35367613312","title":"I-70 Resurfacing - Chief Hosa to Colfax-147496","type":"IT or Fiber Optics","roads":"I-70W","chain_law":false,"closure":true,"pass_relevant":true,"observed":"2026-09-24T13:03:21.421Z","source":"planned"}},{"type":"Feature","geometry":{"type":"Point","coordinates":[-105.244754,40.022897]},"properties":{"id":"OpenTMS-Event35394829629","title":"CO 157 Pavement Rehabilitation -148152","type":"Striping Operations","roads":"CO-157N","chain_law":false,"closure":true,"pass_relevant":false,"observed":"2026-09-25T22:46:25.637Z","source":"planned"}},{"type":"Feature","geometry":{"type":"Point","coordinates":[-106.251778,37.069148]},"properties":{"id":"OpenTMS-Event35437968920","title":"Antonito to Chama -148263","type":"Paving Operations","roads":"CO-17N","chain_law":false,"closure":false,"pass_relevant":false,"observed":"2026-09-28T03:44:38.035Z","source":"planned"}},{"type":"Feature","geometry":{"type":"Point","coordinates":[-105.612759,38.26572]},"properties":{"id":"OpenTMS-Event35486402299","title":"CO 69 Resurfacing Hillside to Texas Creek-148537","type":"Paving Operations","roads":"CO-69N","chain_law":false,"closure":false,"pass_relevant":false,"observed":"2026-09-30T15:23:08.161Z","source":"planned"}},{"type":"Feature","geometry":{"type":"Point","coordinates":[-105.612759,38.26572]},"properties":{"id":"OpenTMS-Event35486402314","title":"CO 69 Resurfacing Hillside to Texas Creek-148538","type":"Paving Operations","roads":"CO-69N","chain_law":false,"closure":false,"pass_relevant":false,"observed":"2026-09-30T15:23:09.572Z","source":"planned"}},{"type":"Feature","geometry":{"type":"Point","coordinates":[-103.544498,38.85065]},"properties":{"id":"OpenTMS-Event35507024390","title":"Paving Operations-148620","type":"Paving Operations","roads":"CO-94E","chain_law":false,"closure":false,"pass_relevant":false,"observed":"2026-10-01T16:44:58.532Z","source":"planned"}},{"type":"Feature","geometry":{"type":"Point","coordinates":[-103.801371,40.269749]},"properties":{"id":"OpenTMS-Event35193987836","title":"CO 52 Construction Project-146117","type":"Rock Work","roads":"CO-52E","chain_law":false,"closure":true,"pass_relevant":false,"observed":"2026-09-15T15:10:23.974Z","source":"planned"}},{"type":"Feature","geometry":{"type":"Point","coordinates":[-105.49159,39.842729]},"properties":{"id":"OpenTMS-Event35356793681","title":"CO 46 Resurfacing-147781","type":"Sign Work","roads":"CO-46E","chain_law":false,"closure":false,"pass_relevant":false,"observed":"2026-09-23T23:36:16.028Z","source":"planned"}},{"type":"Feature","geometry":{"type":"Point","coordinates":[-105.974904,39.066268]},"properties":{"id":"OpenTMS-Event35429226012","title":"Sign Improvements in Park and Summit Counties-148205","type":"Sign Work","roads":"US-285N","chain_law":false,"closure":false,"pass_relevant":false,"observed":"2026-09-27T16:54:25.791Z","source":"planned"}},{"type":"Feature","geometry":{"type":"Point","coordinates":[-105.028843,39.573336]},"properties":{"id":"OpenTMS-Event35459547442","title":"Santa Fe Drive Mineral Ave Operational Improvements-145442","type":"Other","roads":"US-85S","chain_law":false,"closure":true,"pass_relevant":false,"observed":"2026-09-29T06:05:37.930Z","source":"planned"}},{"type":"Feature","geometry":{"type":"Point","coordinates":[-104.436877,39.026242]},"properties":{"id":"OpenTMS-Event35511308926","title":"New Project: 26310 - US 24 Resurfacing from Peyton to Calhan-148887","type":"Paving Operations","roads":"US-24E","chain_law":false,"closure":false,"pass_relevant":false,"observed":"2026-10-01T22:04:45.338Z","source":"planned"}},{"type":"Feature","geometry":{"type":"Point","coordinates":[-104.699362,39.740098]},"properties":{"id":"OpenTMS-Event35478952101","title":"I-70 Aerotropolis Interchange-146668","type":"Bridge Construction","roads":"I-70E","chain_law":false,"closure":true,"pass_relevant":true,"observed":"2026-09-30T06:04:58.060Z","source":"planned"}},{"type":"Feature","geometry":{"type":"Point","coordinates":[-105.293969,39.742238]},"properties":{"id":"OpenTMS-Event35488383384","title":"Work Element Highway US 6-148579","type":"Road Construction","roads":"US-6E","chain_law":false,"closure":true,"pass_relevant":false,"observed":"2026-09-30T17:45:59.277Z","source":"planned"}},{"type":"Feature","geometry":{"type":"Point","coordinates":[-106.304188,39.642831]},"properties":{"id":"OpenTMS-Event35498337525","title":"I-70 West Vail Pass – Lane & Shoulder Closures-148565","type":"Road Construction","roads":"I-70E","chain_law":false,"closure":true,"pass_relevant":true,"observed":"2026-10-01T06:06:25.054Z","source":"planned"}},{"type":"Feature","geometry":{"type":"Point","coordinates":[-106.03763,39.643565]},"properties":{"id":"OpenTMS-Event35348231140","title":"I-70 Straight Creek Culvert Repairs-143338","type":"Road Construction","roads":"I-70W","chain_law":false,"closure":false,"pass_relevant":true,"observed":"2026-09-23T13:01:31.992Z","source":"planned"}},{"type":"Feature","geometry":{"type":"Point","coordinates":[-107.675511,38.017869]},"properties":{"id":"OpenTMS-Event35445751918","title":"Ouray Ped Improvements -148229","type":"Road Construction","roads":"US-550N","chain_law":false,"closure":true,"pass_relevant":false,"observed":"2026-09-28T21:41:50.434Z","source":"planned"}},{"type":"Feature","geometry":{"type":"Point","coordinates":[-106.095574,39.5913]},"properties":{"id":"OpenTMS-Event35468353133","title":"Frisco Exit 203-148464","type":"Bridge Construction","roads":"CO-9N","chain_law":false,"closure":true,"pass_relevant":false,"observed":"2026-09-29T16:57:11.493Z","source":"planned"}},{"type":"Feature","geometry":{"type":"Point","coordinates":[-107.036952,37.272958]},"properties":{"id":"OpenTMS-Event35348231126","title":"US 160 Pagosa Springs Reconstruction-147580","type":"Road Construction","roads":"US-160W","chain_law":false,"closure":false,"pass_relevant":false,"observed":"2026-09-23T13:01:30.793Z","source":"planned"}},{"type":"Feature","geometry":{"type":"Point","coordinates":[-106.305468,39.643381]},"properties":{"id":"OpenTMS-Event35389872775","title":"I-70 West Vail Pass – Lane & Shoulder Closures-148090","type":"Road Construction","roads":"I-70E","chain_law":false,"closure":true,"pass_relevant":true,"observed":"2026-09-25T16:48:42.927Z","source":"planned"}},{"type":"Feature","geometry":{"type":"Point","coordinates":[-105.091697,39.920704]},"properties":{"id":"OpenTMS-Event35470533131","title":"US 287 Improvements - Broomfield-148472","type":"Road Construction","roads":"US-287S","chain_law":false,"closure":false,"pass_relevant":false,"observed":"2026-09-29T19:39:20.078Z","source":"planned"}},{"type":"Feature","geometry":{"type":"Point","coordinates":[-105.696559,39.716723]},"properties":{"id":"OpenTMS-Event35511045929","title":"R3 - I-70 Chain Station Technology & Communications Upgrades-148872","type":"Other","roads":"I-70W","chain_law":true,"closure":true,"pass_relevant":true,"observed":"2026-10-01T21:49:52.458Z","source":"planned"}},{"type":"Feature","geometry":{"type":"Point","coordinates":[-104.699362,39.740098]},"properties":{"id":"OpenTMS-Event35439942737","title":"I-70 Aerotropolis Interchange-146666","type":"Bridge Construction","roads":"I-70E","chain_law":false,"closure":true,"pass_relevant":true,"observed":"2026-09-28T06:04:56.510Z","source":"planned"}},{"type":"Feature","geometry":{"type":"Point","coordinates":[-104.757966,39.477557]},"properties":{"id":"OpenTMS-Event35467268863","title":"Parker Sidewalks-148439","type":"Bridge Construction","roads":"CO-83N","chain_law":false,"closure":true,"pass_relevant":false,"observed":"2026-09-29T15:36:52.572Z","source":"planned"}},{"type":"Feature","geometry":{"type":"Point","coordinates":[-104.952579,37.5535]},"properties":{"id":"OpenTMS-Event35489001210","title":"Striping Operations-148560","type":"Striping Operations","roads":"US-160E","chain_law":false,"closure":false,"pass_relevant":false,"observed":"2026-09-30T18:32:03.826Z","source":"planned"}},{"type":"Feature","geometry":{"type":"Point","coordinates":[-105.149738,39.617988]},"properties":{"id":"OpenTMS-Event35508173983","title":"C-470 & Bowles Ave Interchange Improvements-148780","type":"Road Construction","roads":"CO-470W","chain_law":false,"closure":true,"pass_relevant":false,"observed":"2026-10-01T18:10:49.555Z","source":"planned"}},{"type":"Feature","geometry":{"type":"Point","coordinates":[-105.149738,39.617988]},"properties":{"id":"OpenTMS-Event35508174214","title":"C-470 & Bowles Ave Interchange Improvements-148778","type":"Road Construction","roads":"CO-470W","chain_law":false,"closure":true,"pass_relevant":false,"observed":"2026-10-01T18:10:53.789Z","source":"planned"}},{"type":"Feature","geometry":{"type":"Point","coordinates":[-105.090588,39.943415]},"properties":{"id":"OpenTMS-Event35370027856","title":"US 287 Improvements - Broomfield-147611","type":"Road Construction","roads":"US-287S","chain_law":false,"closure":false,"pass_relevant":false,"observed":"2026-09-24T16:04:29.261Z","source":"planned"}},{"type":"Feature","geometry":{"type":"Point","coordinates":[-105.144584,39.584068]},"properties":{"id":"OpenTMS-Event35395241007","title":"C-470 Resurfacing-147915","type":"Road Construction","roads":"CO-470E","chain_law":false,"closure":false,"pass_relevant":false,"observed":"2026-09-30T21:24:27.943Z","source":"planned"}},{"type":"Feature","geometry":{"type":"Point","coordinates":[-103.661796,39.26151]},"properties":{"id":"OpenTMS-Event34844699776","title":"25058  I-70 Rural Bridge Rehabilitation from Limon to Flagler-145286","type":"Bridge Repair","roads":"I-70W","chain_law":false,"closure":true,"pass_relevant":true,"observed":"2026-08-28T16:19:41.351Z","source":"planned"}},{"type":"Feature","geometry":{"type":"Point","coordinates":[-105.873388,39.995364]},"properties":{"id":"OpenTMS-Event35507024537","title":"Road Construction-148644","type":"Road Construction","roads":"US-40E","chain_law":false,"closure":false,"pass_relevant":false,"observed":"2026-10-01T16:45:02.037Z","source":"planned"}},{"type":"Feature","geometry":{"type":"Point","coordinates":[-104.90341,39.778364]},"properties":{"id":"OpenTMS-Event35508033765","title":"CO 35 Resurfacing & Bridge Rehab-148757","type":"Bridge Maintenance Operations","roads":"CO-35N","chain_law":false,"closure":true,"pass_relevant":true,"observed":"2026-10-01T18:06:16.283Z","source":"planned"}},{"type":"Feature","geometry":{"type":"Point","coordinates":[-103.800715,40.305171]},"properties":{"id":"OpenTMS-Event35508114508","title":"CO 52 Resurfacing-148759","type":"Paving Operations","roads":"CO-52E","chain_law":false,"closure":false,"pass_relevant":false,"observed":"2026-10-01T18:06:25.218Z","source":"planned"}},{"type":"Feature","geometry":{"type":"Point","coordinates":[-104.999655,39.740217]},"properties":{"id":"OpenTMS-Event35459554592","title":"Colfax Downtown Rail Reconstruction -148278","type":"Road Construction","roads":"US-40W","chain_law":false,"closure":true,"pass_relevant":false,"observed":"2026-09-29T06:06:02.869Z","source":"planned"}},{"type":"Feature","geometry":{"type":"Point","coordinates":[-104.436877,39.026242]},"properties":{"id":"OpenTMS-Event35511309009","title":"New Project: 26310 - US 24 Resurfacing from Peyton to Calhan-148892","type":"Paving Operations","roads":"US-24W","chain_law":false,"closure":false,"pass_relevant":false,"observed":"2026-10-01T22:04:47.094Z","source":"planned"}},{"type":"Feature","geometry":{"type":"Point","coordinates":[-104.64165,40.073229]},"properties":{"id":"OpenTMS-Event35369428268","title":"Main Street Revitalization – CO 52 between Ash and 6th-147851","type":"Road Construction","roads":"CO-52E","chain_law":false,"closure":true,"pass_relevant":false,"observed":"2026-09-24T15:19:47.535Z","source":"planned"}},{"type":"Feature","geometry":{"type":"Point","coordinates":[-105.398244,39.816103]},"properties":{"id":"OpenTMS-Event35367616625","title":"CO 46 Resurfacing-147792","type":"Sign Work","roads":"CO-46E","chain_law":false,"closure":false,"pass_relevant":false,"observed":"2026-09-24T13:03:41.095Z","source":"planned"}},{"type":"Feature","geometry":{"type":"Point","coordinates":[-106.304188,39.642831]},"properties":{"id":"OpenTMS-Event35389872935","title":"I-70 West Vail Pass – Lane & Shoulder Closures-147943","type":"Road Construction","roads":"I-70E","chain_law":false,"closure":true,"pass_relevant":true,"observed":"2026-09-25T16:48:52.127Z","source":"planned"}},{"type":"Feature","geometry":{"type":"Point","coordinates":[-105.091787,39.917616]},"properties":{"id":"OpenTMS-Event35377393962","title":"US 287 Improvements - Broomfield-147646","type":"Road Construction","roads":"CO-121S","chain_law":false,"closure":false,"pass_relevant":false,"observed":"2026-09-25T01:06:41.174Z","source":"planned"}},{"type":"Feature","geometry":{"type":"Point","coordinates":[-107.945126,39.495097]},"properties":{"id":"OpenTMS-Event35488939727","title":"Seeding-148555","type":"Other","roads":"I-70E","chain_law":false,"closure":true,"pass_relevant":false,"observed":"2026-09-30T18:27:37.362Z","source":"planned"}},{"type":"Feature","geometry":{"type":"Point","coordinates":[-105.16587,39.734865]},"properties":{"id":"OpenTMS-Event35484616975","title":"I-70 Resurfacing - Chief Hosa to Colfax-148436","type":"IT or Fiber Optics","roads":"I-70W","chain_law":false,"closure":true,"pass_relevant":true,"observed":"2026-09-30T13:05:37.157Z","source":"planned"}},{"type":"Feature","geometry":{"type":"Point","coordinates":[-105.11273,39.784146]},"properties":{"id":"OpenTMS-Event35369556719","title":"I-70 Bridge Repairs at Kipling & Garrison-147826","type":"Bridge Repair","roads":"I-70E","chain_law":false,"closure":false,"pass_relevant":true,"observed":"2026-10-01T17:51:08.156Z","source":"planned"}},{"type":"Feature","geometry":{"type":"Point","coordinates":[-105.398244,39.816103]},"properties":{"id":"OpenTMS-Event35467342719","title":"CO 46 Resurfacing-148449","type":"Paving Operations","roads":"CO-46W","chain_law":false,"closure":false,"pass_relevant":false,"observed":"2026-09-29T15:42:10.129Z","source":"planned"}},{"type":"Feature","geometry":{"type":"Point","coordinates":[-106.401071,39.558055]},"properties":{"id":"OpenTMS-Event35386941360","title":"Road Construction-147979","type":"Road Construction","roads":"US-24E","chain_law":false,"closure":false,"pass_relevant":false,"observed":"2026-09-25T12:55:17.312Z","source":"planned"}},{"type":"Feature","geometry":{"type":"Point","coordinates":[-105.498866,38.697503]},"properties":{"id":"OpenTMS-Event35429225736","title":"Sign Improvements in Park and Summit Counties-148169","type":"Sign Work","roads":"CO-9N","chain_law":false,"closure":false,"pass_relevant":false,"observed":"2026-09-27T16:54:19.396Z","source":"planned"}},{"type":"Feature","geometry":{"type":"Point","coordinates":[-104.992706,39.680982]},"properties":{"id":"OpenTMS-Event35361986416","title":"US 85 & West Jewell Ave-147317","type":"Bridge Construction","roads":"US-85S","chain_law":false,"closure":false,"pass_relevant":false,"observed":"2026-09-24T06:02:45.261Z","source":"planned"}},{"type":"Feature","geometry":{"type":"Point","coordinates":[-104.952579,37.5535]},"properties":{"id":"OpenTMS-Event35489000744","title":"Striping Operations-148559","type":"Striping Operations","roads":"US-160E","chain_law":false,"closure":false,"pass_relevant":false,"observed":"2026-09-30T18:32:03.197Z","source":"planned"}},{"type":"Feature","geometry":{"type":"Point","coordinates":[-105.304221,39.712512]},"properties":{"id":"OpenTMS-Event35484616995","title":"I-70 Resurfacing - Chief Hosa to Colfax-148431","type":"IT or Fiber Optics","roads":"I-70E","chain_law":false,"closure":true,"pass_relevant":true,"observed":"2026-09-30T13:05:37.949Z","source":"planned"}},{"type":"Feature","geometry":{"type":"Point","coordinates":[-105.451921,39.743262]},"properties":{"id":"OpenTMS-Event35391018826","title":"I-70 Floyd Hill Project - WO 9/27-148000","type":"Road Construction","roads":"I-70E","chain_law":false,"closure":true,"pass_relevant":true,"observed":"2026-09-30T19:18:23.311Z","source":"planned"}},{"type":"Feature","geometry":{"type":"Point","coordinates":[-107.675511,38.017869]},"properties":{"id":"OpenTMS-Event35437765595","title":"Ouray Ped Improvements -148224","type":"Road Construction","roads":"US-550N","chain_law":false,"closure":true,"pass_relevant":false,"observed":"2026-09-28T21:41:47.566Z","source":"planned"}},{"type":"Feature","geometry":{"type":"Point","coordinates":[-105.14452,39.584541]},"properties":{"id":"OpenTMS-Event35395241074","title":"C-470 Resurfacing-147925","type":"Road Construction","roads":"CO-470W","chain_law":false,"closure":false,"pass_relevant":false,"observed":"2026-09-30T21:24:29.256Z","source":"planned"}},{"type":"Feature","geometry":{"type":"Point","coordinates":[-105.398244,39.816103]},"properties":{"id":"OpenTMS-Event35484623485","title":"CO 46 Resurfacing-148451","type":"Paving Operations","roads":"CO-46W","chain_law":false,"closure":false,"pass_relevant":false,"observed":"2026-09-30T13:05:43.542Z","source":"planned"}},{"type":"Feature","geometry":{"type":"Point","coordinates":[-106.272835,39.05573]},"properties":{"id":"OpenTMS-Event35506956928","title":"Paving Operations-148726","type":"Paving Operations","roads":"US-24E","chain_law":false,"closure":false,"pass_relevant":false,"observed":"2026-10-01T16:39:54.318Z","source":"planned"}},{"type":"Feature","geometry":{"type":"Point","coordinates":[-104.757966,39.477557]},"properties":{"id":"OpenTMS-Event35467268837","title":"Parker Sidewalks-148438","type":"Bridge Construction","roads":"CO-83N","chain_law":false,"closure":true,"pass_relevant":false,"observed":"2026-09-29T15:36:52.175Z","source":"planned"}},{"type":"Feature","geometry":{"type":"Point","coordinates":[-104.931545,39.803666]},"properties":{"id":"OpenTMS-Event35505639170","title":"Various intersection & median work – Vasquez Blvd between I-270 and 64th Ave-148686","type":"Road Construction","roads":"US-6E","chain_law":false,"closure":true,"pass_relevant":false,"observed":"2026-10-01T15:08:45.495Z","source":"planned"}},{"type":"Feature","geometry":{"type":"Point","coordinates":[-107.86669,37.233631]},"properties":{"id":"OpenTMS-Event35507024308","title":"Paving Operations-148491","type":"Paving Operations","roads":"US-160E","chain_law":false,"closure":true,"pass_relevant":false,"observed":"2026-10-01T16:44:56.726Z","source":"planned"}},{"type":"Feature","geometry":{"type":"Point","coordinates":[-105.091697,39.920704]},"properties":{"id":"OpenTMS-Event35377395801","title":"US 287 Improvements - Broomfield-147621","type":"Road Construction","roads":"US-287S","chain_law":false,"closure":false,"pass_relevant":false,"observed":"2026-09-25T01:06:49.416Z","source":"planned"}},{"type":"Feature","geometry":{"type":"Point","coordinates":[-105.028843,39.573336]},"properties":{"id":"OpenTMS-Event35378970431","title":"Santa Fe Drive Mineral Ave Operational Improvements-147765","type":"IT or Fiber Optics","roads":"US-85S","chain_law":false,"closure":true,"pass_relevant":false,"observed":"2026-09-25T03:03:55.949Z","source":"planned"}},{"type":"Feature","geometry":{"type":"Point","coordinates":[-105.266408,40.870451]},"properties":{"id":"OpenTMS-Event35367613367","title":"US 287 Intersection Improvements-147694","type":"Road Construction","roads":"US-287N","chain_law":false,"closure":true,"pass_relevant":true,"observed":"2026-10-01T16:44:55.683Z","source":"planned"}},{"type":"Feature","geometry":{"type":"Point","coordinates":[-105.149963,39.617606]},"properties":{"id":"OpenTMS-Event35368822665","title":"C-470 & Bowles Ave Interchange Improvements-147726","type":"Road Construction","roads":"CO-470E","chain_law":false,"closure":true,"pass_relevant":false,"observed":"2026-10-01T18:10:51.033Z","source":"planned"}},{"type":"Feature","geometry":{"type":"Point","coordinates":[-103.544498,38.85065]},"properties":{"id":"OpenTMS-Event35386873181","title":"Paving Operations-147678","type":"Paving Operations","roads":"CO-94E","chain_law":false,"closure":false,"pass_relevant":false,"observed":"2026-09-25T12:50:06.449Z","source":"planned"}},{"type":"Feature","geometry":{"type":"Point","coordinates":[-107.675511,38.017869]},"properties":{"id":"OpenTMS-Event35437765625","title":"Ouray Ped Improvements -148226","type":"Road Construction","roads":"US-550N","chain_law":false,"closure":true,"pass_relevant":false,"observed":"2026-09-28T21:41:49.240Z","source":"planned"}},{"type":"Feature","geometry":{"type":"Point","coordinates":[-104.938957,39.74007]},"properties":{"id":"OpenTMS-Event35509814419","title":"East Colfax BRT Ash St To Yosemite St-148800","type":"Road Construction","roads":"US-40E","chain_law":false,"closure":false,"pass_relevant":false,"observed":"2026-10-01T20:13:34.267Z","source":"planned"}},{"type":"Feature","geometry":{"type":"Point","coordinates":[-105.696559,39.716723]},"properties":{"id":"OpenTMS-Event35511046596","title":"R3 - I-70 Chain Station Technology & Communications Upgrades-148873","type":"Other","roads":"I-70W","chain_law":true,"closure":true,"pass_relevant":true,"observed":"2026-10-01T21:49:52.862Z","source":"planned"}},{"type":"Feature","geometry":{"type":"Point","coordinates":[-104.828169,39.772378]},"properties":{"id":"OpenTMS-Event35493299196","title":"i-70 Pavement Repairs Chambers to E-470-148661","type":"Road Construction","roads":"I-70E","chain_law":false,"closure":true,"pass_relevant":true,"observed":"2026-09-30T23:52:12.889Z","source":"planned"}},{"type":"Feature","geometry":{"type":"Point","coordinates":[-104.90341,39.778364]},"properties":{"id":"OpenTMS-Event35508033810","title":"CO 35 Resurfacing & Bridge Rehab-148753","type":"Bridge Maintenance Operations","roads":"CO-35N","chain_law":false,"closure":true,"pass_relevant":true,"observed":"2026-10-01T18:06:16.942Z","source":"planned"}},{"type":"Feature","geometry":{"type":"Point","coordinates":[-107.674054,38.030423]},"properties":{"id":"OpenTMS-Event35465206671","title":"Ouray Ped Improvements -148249","type":"Road Construction","roads":"US-550S","chain_law":false,"closure":true,"pass_relevant":false,"observed":"2026-09-29T13:03:48.228Z","source":"planned"}},{"type":"Feature","geometry":{"type":"Point","coordinates":[-106.492582,37.677212]},"properties":{"id":"OpenTMS-Event35371949381","title":"Southwest CO Culvert Repairs-147939","type":"Culvert Maintenance","roads":"US-160W","chain_law":false,"closure":false,"pass_relevant":false,"observed":"2026-10-01T20:29:15.974Z","source":"planned"}},{"type":"Feature","geometry":{"type":"Point","coordinates":[-106.272835,39.05573]},"properties":{"id":"OpenTMS-Event35506956898","title":"Paving Operations-148724","type":"Paving Operations","roads":"US-24E","chain_law":false,"closure":false,"pass_relevant":false,"observed":"2026-10-01T16:39:53.332Z","source":"planned"}},{"type":"Feature","geometry":{"type":"Point","coordinates":[-105.16587,39.734865]},"properties":{"id":"OpenTMS-Event35467194404","title":"I-70 Resurfacing - Chief Hosa to Colfax-148435","type":"IT or Fiber Optics","roads":"I-70W","chain_law":false,"closure":true,"pass_relevant":true,"observed":"2026-09-29T15:31:11.478Z","source":"planned"}},{"type":"Feature","geometry":{"type":"Point","coordinates":[-105.109278,39.972435]},"properties":{"id":"OpenTMS-Event34417577723","title":"I-70B East of Third Street Improvements -142384","type":"Road Construction","roads":"4TH ST","chain_law":false,"closure":true,"pass_relevant":false,"observed":"2026-09-24T21:24:03.098Z","source":"planned"}},{"type":"Feature","geometry":{"type":"Point","coordinates":[-105.251807,39.665881]},"properties":{"id":"OpenTMS-Event35472470470","title":"CO 74 Resurfacing-148488","type":"Guardrail","roads":"CO-74E","chain_law":false,"closure":false,"pass_relevant":false,"observed":"2026-09-29T22:03:26.926Z","source":"planned"}},{"type":"Feature","geometry":{"type":"Point","coordinates":[-104.984017,38.251502]},"properties":{"id":"OpenTMS-Event35510618723","title":"Timber Bridge Rehabilitation -148850","type":"Road Construction","roads":"CO-96E","chain_law":false,"closure":false,"pass_relevant":false,"observed":"2026-10-01T21:19:17.515Z","source":"planned"}},{"type":"Feature","geometry":{"type":"Point","coordinates":[-108.737506,39.157621]},"properties":{"id":"OpenTMS-Event35505979765","title":"US 6 Resurfacing-148716","type":"Road Construction","roads":"US-6W","chain_law":false,"closure":false,"pass_relevant":false,"observed":"2026-10-01T15:39:02.733Z","source":"planned"}},{"type":"Feature","geometry":{"type":"Point","coordinates":[-105.028843,39.573336]},"properties":{"id":"OpenTMS-Event35361993046","title":"Santa Fe Drive Mineral Ave Operational Improvements-145437","type":"Other","roads":"US-85S","chain_law":false,"closure":true,"pass_relevant":false,"observed":"2026-09-24T06:03:06.271Z","source":"planned"}},{"type":"Feature","geometry":{"type":"Point","coordinates":[-105.398244,39.816103]},"properties":{"id":"OpenTMS-Event35503934238","title":"CO 46 Resurfacing-148447","type":"Paving Operations","roads":"CO-46E","chain_law":false,"closure":false,"pass_relevant":false,"observed":"2026-10-01T13:01:35.537Z","source":"planned"}},{"type":"Feature","geometry":{"type":"Point","coordinates":[-105.696559,39.716723]},"properties":{"id":"OpenTMS-Event35511040106","title":"R3 - I-70 Chain Station Technology & Communications Upgrades-148871","type":"Other","roads":"I-70W","chain_law":true,"closure":true,"pass_relevant":true,"observed":"2026-10-01T21:49:48.926Z","source":"planned"}},{"type":"Feature","geometry":{"type":"Point","coordinates":[-105.398244,39.816103]},"properties":{"id":"OpenTMS-Event35356867529","title":"CO 46 Resurfacing-147796","type":"Sign Work","roads":"CO-46W","chain_law":false,"closure":false,"pass_relevant":false,"observed":"2026-09-23T23:41:57.222Z","source":"planned"}},{"type":"Feature","geometry":{"type":"Point","coordinates":[-105.102423,39.783632]},"properties":{"id":"OpenTMS-Event35504557242","title":"I-70 Bridge Repairs at Kipling & Garrison-148673","type":"Bridge Repair","roads":"I-70E","chain_law":false,"closure":true,"pass_relevant":true,"observed":"2026-10-01T17:51:11.305Z","source":"planned"}},{"type":"Feature","geometry":{"type":"Point","coordinates":[-105.974904,39.066268]},"properties":{"id":"OpenTMS-Event35429225995","title":"Sign Improvements in Park and Summit Counties-148204","type":"Sign Work","roads":"US-285N","chain_law":false,"closure":false,"pass_relevant":false,"observed":"2026-09-27T16:54:25.320Z","source":"planned"}},{"type":"Feature","geometry":{"type":"Point","coordinates":[-106.375644,39.501622]},"properties":{"id":"OpenTMS-Event35386941282","title":"Road Construction-147984","type":"Road Construction","roads":"US-24E","chain_law":false,"closure":false,"pass_relevant":false,"observed":"2026-09-25T12:55:15.309Z","source":"planned"}},{"type":"Feature","geometry":{"type":"Point","coordinates":[-104.873485,38.360558]},"properties":{"id":"OpenTMS-Event35507024467","title":"Road Construction-148625","type":"Road Construction","roads":"US-50E","chain_law":false,"closure":true,"pass_relevant":false,"observed":"2026-10-01T16:45:00.258Z","source":"planned"}},{"type":"Feature","geometry":{"type":"Point","coordinates":[-105.128398,39.78309]},"properties":{"id":"OpenTMS-Event35371669531","title":"I-70 Bridge Repairs at Kipling & Garrison-147929","type":"Bridge Repair","roads":"I-70E","chain_law":false,"closure":true,"pass_relevant":true,"observed":"2026-10-01T13:17:38.811Z","source":"planned"}},{"type":"Feature","geometry":{"type":"Point","coordinates":[-106.305468,39.643381]},"properties":{"id":"OpenTMS-Event35488382900","title":"I-70 West Vail Pass – Lane & Shoulder Closures-148562","type":"Road Construction","roads":"I-70E","chain_law":false,"closure":true,"pass_relevant":true,"observed":"2026-09-30T17:45:47.495Z","source":"planned"}},{"type":"Feature","geometry":{"type":"Point","coordinates":[-103.801371,40.269749]},"properties":{"id":"OpenTMS-Event35193987851","title":"CO 52 Resurfacing North of Fort Morgan-146302","type":"Paving Operations","roads":"CO-52E","chain_law":false,"closure":true,"pass_relevant":false,"observed":"2026-09-15T15:10:24.474Z","source":"planned"}},{"type":"Feature","geometry":{"type":"Point","coordinates":[-105.149738,39.617988]},"properties":{"id":"OpenTMS-Event35508174008","title":"C-470 & Bowles Ave Interchange Improvements-148781","type":"Road Construction","roads":"CO-470W","chain_law":false,"closure":true,"pass_relevant":false,"observed":"2026-10-01T18:10:49.955Z","source":"planned"}},{"type":"Feature","geometry":{"type":"Point","coordinates":[-104.982752,39.829321]},"properties":{"id":"OpenTMS-Event35505572775","title":"US 36 & I-270 Bridge Preventative Maintenance-148682","type":"Bridge Maintenance Operations","roads":"(F) - I-76 | FT MORGAN | GRAND JCT | BOULDER TURNPIKE | I-25 | DENVER | FORT COLLINS | I-270 | ARVADA | GRAND JCT | BROADWAY","chain_law":false,"closure":true,"pass_relevant":false,"observed":"2026-10-01T15:03:47.922Z","source":"planned"}},{"type":"Feature","geometry":{"type":"Point","coordinates":[-107.379649,40.506923]},"properties":{"id":"OpenTMS-Event35349474189","title":"US 40 Milner Resurfacing-147518","type":"Road Construction","roads":"US-40W","chain_law":false,"closure":false,"pass_relevant":false,"observed":"2026-09-23T14:32:52.702Z","source":"planned"}},{"type":"Feature","geometry":{"type":"Point","coordinates":[-105.873388,39.995364]},"properties":{"id":"OpenTMS-Event35507029370","title":"Road Construction-148648","type":"Road Construction","roads":"US-40E","chain_law":false,"closure":false,"pass_relevant":false,"observed":"2026-10-01T16:45:05.746Z","source":"planned"}},{"type":"Feature","geometry":{"type":"Point","coordinates":[-108.737506,39.157621]},"properties":{"id":"OpenTMS-Event35505979700","title":"US 6 Resurfacing-148714","type":"Road Construction","roads":"US-6W","chain_law":false,"closure":false,"pass_relevant":false,"observed":"2026-10-01T15:39:01.585Z","source":"planned"}},{"type":"Feature","geometry":{"type":"Point","coordinates":[-106.324223,39.351095]},"properties":{"id":"OpenTMS-Event35386941457","title":"Road Construction-147973","type":"Road Construction","roads":"US-24E","chain_law":false,"closure":false,"pass_relevant":false,"observed":"2026-09-25T12:55:19.082Z","source":"planned"}},{"type":"Feature","geometry":{"type":"Point","coordinates":[-105.696559,39.716723]},"properties":{"id":"OpenTMS-Event35378909088","title":"R3 - I-70 Chain Station Technology & Communications Upgrades-148069","type":"Other","roads":"I-70W","chain_law":true,"closure":true,"pass_relevant":true,"observed":"2026-10-01T21:49:54.559Z","source":"planned"}},{"type":"Feature","geometry":{"type":"Point","coordinates":[-107.163864,39.601883]},"properties":{"id":"OpenTMS-Event35477043027","title":"I-70 Glenwood Canyon Bridge Joint Improvements-148504","type":"Bridge Construction","roads":"I-70E","chain_law":false,"closure":true,"pass_relevant":true,"observed":"2026-09-30T03:43:05.861Z","source":"planned"}},{"type":"Feature","geometry":{"type":"Point","coordinates":[-107.86669,37.233631]},"properties":{"id":"OpenTMS-Event35507024289","title":"Paving Operations-148490","type":"Paving Operations","roads":"US-160E","chain_law":false,"closure":true,"pass_relevant":false,"observed":"2026-10-01T16:44:56.380Z","source":"planned"}},{"type":"Feature","geometry":{"type":"Point","coordinates":[-105.293969,39.742238]},"properties":{"id":"OpenTMS-Event35488383231","title":"Work Element Highway US 6-148574","type":"Road Construction","roads":"US-6E","chain_law":false,"closure":false,"pass_relevant":false,"observed":"2026-09-30T17:45:56.590Z","source":"planned"}},{"type":"Feature","geometry":{"type":"Point","coordinates":[-105.293969,39.742238]},"properties":{"id":"OpenTMS-Event35488383246","title":"Work Element Highway US 6-148575","type":"Road Construction","roads":"US-6E","chain_law":false,"closure":false,"pass_relevant":false,"observed":"2026-09-30T17:45:57.030Z","source":"planned"}},{"type":"Feature","geometry":{"type":"Point","coordinates":[-107.657577,37.996051]},"properties":{"id":"OpenTMS-Event35484966516","title":"US 550 Red Mountain Embankment Stabilization -148531","type":"Road Construction","roads":"US-550N","chain_law":false,"closure":false,"pass_relevant":true,"observed":"2026-09-30T13:31:19.251Z","source":"planned"}},{"type":"Feature","geometry":{"type":"Point","coordinates":[-107.036952,37.272958]},"properties":{"id":"OpenTMS-Event35484616574","title":"US 160 Pagosa Springs Reconstruction-147586","type":"Road Construction","roads":"US-160W","chain_law":false,"closure":false,"pass_relevant":false,"observed":"2026-09-30T13:05:09.637Z","source":"planned"}},{"type":"Feature","geometry":{"type":"Point","coordinates":[-105.091558,39.917547]},"properties":{"id":"OpenTMS-Event35494240576","title":"US 287 Improvements - Broomfield-148479","type":"Road Construction","roads":"CO-121N","chain_law":false,"closure":false,"pass_relevant":false,"observed":"2026-10-01T01:02:35.972Z","source":"planned"}},{"type":"Feature","geometry":{"type":"Point","coordinates":[-106.272835,39.05573]},"properties":{"id":"OpenTMS-Event35390815922","title":"Paving Operations-147966","type":"Paving Operations","roads":"US-24E","chain_law":false,"closure":false,"pass_relevant":false,"observed":"2026-09-25T17:43:19.012Z","source":"planned"}},{"type":"Feature","geometry":{"type":"Point","coordinates":[-106.304065,39.642991]},"properties":{"id":"OpenTMS-Event35389872757","title":"I-70 West Vail Pass – Lane & Shoulder Closures-147947","type":"Road Construction","roads":"I-70W","chain_law":false,"closure":true,"pass_relevant":true,"observed":"2026-09-25T16:48:41.502Z","source":"planned"}},{"type":"Feature","geometry":{"type":"Point","coordinates":[-107.379649,40.506923]},"properties":{"id":"OpenTMS-Event35446957268","title":"US 40 Milner Resurfacing-147521","type":"Road Construction","roads":"US-40W","chain_law":false,"closure":false,"pass_relevant":false,"observed":"2026-09-28T14:34:48.002Z","source":"planned"}},{"type":"Feature","geometry":{"type":"Point","coordinates":[-105.090584,39.9207]},"properties":{"id":"OpenTMS-Event35470533150","title":"US 287 Improvements - Broomfield-148466","type":"Road Construction","roads":"US-287N","chain_law":false,"closure":false,"pass_relevant":false,"observed":"2026-09-29T19:39:20.564Z","source":"planned"}},{"type":"Feature","geometry":{"type":"Point","coordinates":[-108.564525,39.063029]},"properties":{"id":"OpenTMS-Event35509265054","title":"I-70B East of Third Street Reconstruction-148787","type":"Road Construction","roads":"US-50E","chain_law":false,"closure":true,"pass_relevant":true,"observed":"2026-10-01T19:32:13.447Z","source":"planned"}},{"type":"Feature","geometry":{"type":"Point","coordinates":[-107.036952,37.272958]},"properties":{"id":"OpenTMS-Event35465193067","title":"US 160 Pagosa Springs Reconstruction-147585","type":"Road Construction","roads":"US-160W","chain_law":false,"closure":false,"pass_relevant":false,"observed":"2026-09-29T13:02:48.450Z","source":"planned"}},{"type":"Feature","geometry":{"type":"Point","coordinates":[-105.367538,39.713407]},"properties":{"id":"OpenTMS-Event35378909284","title":"R3 - I-70 Chain Station Technology & Communications Upgrades-148078","type":"Other","roads":"I-70W","chain_law":true,"closure":true,"pass_relevant":true,"observed":"2026-10-01T21:49:47.804Z","source":"planned"}},{"type":"Feature","geometry":{"type":"Point","coordinates":[-105.85434,39.70171]},"properties":{"id":"OpenTMS-Event35511777160","title":"Crack Seal -148898","type":"Crack Sealing","roads":"I-70E","chain_law":false,"closure":true,"pass_relevant":false,"observed":"2026-10-01T22:39:51.976Z","source":"planned"}},{"type":"Feature","geometry":{"type":"Point","coordinates":[-106.373968,37.110709]},"properties":{"id":"OpenTMS-Event35437968816","title":"Antonito to Chama -148268","type":"Paving Operations","roads":"CO-17N","chain_law":false,"closure":true,"pass_relevant":false,"observed":"2026-09-28T03:44:39.014Z","source":"planned"}},{"type":"Feature","geometry":{"type":"Point","coordinates":[-105.089582,39.784162]},"properties":{"id":"OpenTMS-Event35504557192","title":"I-70 Bridge Repairs at Kipling & Garrison-148672","type":"Bridge Repair","roads":"I-70W","chain_law":false,"closure":true,"pass_relevant":true,"observed":"2026-10-01T17:51:09.728Z","source":"planned"}},{"type":"Feature","geometry":{"type":"Point","coordinates":[-106.324223,39.351095]},"properties":{"id":"OpenTMS-Event35386941103","title":"Road Construction-147974","type":"Road Construction","roads":"US-24E","chain_law":false,"closure":false,"pass_relevant":false,"observed":"2026-09-25T12:55:11.142Z","source":"planned"}},{"type":"Feature","geometry":{"type":"Point","coordinates":[-104.987821,39.827467]},"properties":{"id":"OpenTMS-Event35355972593","title":"US 36 & I-270 Bridge Preventative Maintenance-147714","type":"Bridge Maintenance Operations","roads":"US-36E","chain_law":false,"closure":true,"pass_relevant":true,"observed":"2026-09-23T22:35:08.265Z","source":"planned"}},{"type":"Feature","geometry":{"type":"Point","coordinates":[-104.699361,39.740231]},"properties":{"id":"OpenTMS-Event35381360482","title":"I-70 Aerotropolis Interchange-146694","type":"Bridge Construction","roads":"I-70W","chain_law":false,"closure":true,"pass_relevant":true,"observed":"2026-09-25T06:01:24.058Z","source":"planned"}},{"type":"Feature","geometry":{"type":"Point","coordinates":[-104.757966,39.477557]},"properties":{"id":"OpenTMS-Event35467268796","title":"Parker Sidewalks-148440","type":"Bridge Construction","roads":"CO-83N","chain_law":false,"closure":true,"pass_relevant":false,"observed":"2026-09-29T15:36:51.574Z","source":"planned"}},{"type":"Feature","geometry":{"type":"Point","coordinates":[-104.801559,39.769223]},"properties":{"id":"OpenTMS-Event35493299215","title":"i-70 Pavement Repairs Chambers to E-470-148663","type":"Road Construction","roads":"I-70E","chain_law":false,"closure":true,"pass_relevant":true,"observed":"2026-09-30T23:52:13.463Z","source":"planned"}},{"type":"Feature","geometry":{"type":"Point","coordinates":[-108.737506,39.157621]},"properties":{"id":"OpenTMS-Event35377395848","title":"US 6 Resurfacing-147706","type":"Road Construction","roads":"US-6W","chain_law":false,"closure":false,"pass_relevant":true,"observed":"2026-10-01T15:39:00.508Z","source":"planned"}},{"type":"Feature","geometry":{"type":"Point","coordinates":[-106.304065,39.642991]},"properties":{"id":"OpenTMS-Event35389872855","title":"I-70 West Vail Pass – Lane & Shoulder Closures-148092","type":"Road Construction","roads":"I-70W","chain_law":false,"closure":true,"pass_relevant":true,"observed":"2026-09-25T16:48:45.541Z","source":"planned"}},{"type":"Feature","geometry":{"type":"Point","coordinates":[-105.251807,39.665881]},"properties":{"id":"OpenTMS-Event35509612868","title":"CO 74 Resurfacing-148797","type":"Guardrail","roads":"CO-74E","chain_law":false,"closure":false,"pass_relevant":false,"observed":"2026-10-01T19:58:25.042Z","source":"planned"}},{"type":"Feature","geometry":{"type":"Point","coordinates":[-105.863778,39.701342]},"properties":{"id":"OpenTMS-Event35378906758","title":"R3 - I-70 Chain Station Technology & Communications Upgrades-148063","type":"Other","roads":"I-70W","chain_law":true,"closure":true,"pass_relevant":true,"observed":"2026-10-01T21:49:51.205Z","source":"planned"}},{"type":"Feature","geometry":{"type":"Point","coordinates":[-104.90341,39.778364]},"properties":{"id":"OpenTMS-Event35508033716","title":"CO 35 Resurfacing & Bridge Rehab-148756","type":"Bridge Maintenance Operations","roads":"CO-35N","chain_law":false,"closure":true,"pass_relevant":true,"observed":"2026-10-01T18:06:15.847Z","source":"planned"}},{"type":"Feature","geometry":{"type":"Point","coordinates":[-104.848192,39.595134]},"properties":{"id":"OpenTMS-Event34827429107","title":"Arapahoe Road Lone Tree Creek Trail Underpass-144898","type":"Other","roads":"CO-88W","chain_law":false,"closure":true,"pass_relevant":false,"observed":"2026-09-26T00:32:19.352Z","source":"planned"}},{"type":"Feature","geometry":{"type":"Point","coordinates":[-105.176262,40.761207]},"properties":{"id":"OpenTMS-Event35507024217","title":"US 287 Intersection Improvements-148732","type":"Road Construction","roads":"US-287N","chain_law":false,"closure":true,"pass_relevant":false,"observed":"2026-10-01T16:44:53.561Z","source":"planned"}},{"type":"Feature","geometry":{"type":"Point","coordinates":[-104.699362,39.740098]},"properties":{"id":"OpenTMS-Event35459547363","title":"I-70 Aerotropolis Interchange-146667","type":"Bridge Construction","roads":"I-70E","chain_law":false,"closure":true,"pass_relevant":true,"observed":"2026-09-29T06:05:26.779Z","source":"planned"}},{"type":"Feature","geometry":{"type":"Point","coordinates":[-104.931545,39.803666]},"properties":{"id":"OpenTMS-Event35505639210","title":"Various intersection & median work – Vasquez Blvd between I-270 and 64th Ave-148688","type":"Road Construction","roads":"US-6E","chain_law":false,"closure":true,"pass_relevant":false,"observed":"2026-10-01T15:08:46.531Z","source":"planned"}},{"type":"Feature","geometry":{"type":"Point","coordinates":[-107.163864,39.601883]},"properties":{"id":"OpenTMS-Event35484623572","title":"I-70 Glenwood Canyon Bridge Joint Improvements-148505","type":"Bridge Construction","roads":"I-70E","chain_law":false,"closure":true,"pass_relevant":true,"observed":"2026-09-30T13:05:51.537Z","source":"planned"}},{"type":"Feature","geometry":{"type":"Point","coordinates":[-105.007731,40.703963]},"properties":{"id":"OpenTMS-Event35193987743","title":"Cleveland Avenue Construction Project-146040","type":"Road Construction","roads":"CO-1N","chain_law":false,"closure":true,"pass_relevant":false,"observed":"2026-09-15T15:10:20.797Z","source":"planned"}},{"type":"Feature","geometry":{"type":"Point","coordinates":[-105.98863,38.846057]},"properties":{"id":"OpenTMS-Event35510899677","title":"South Central Colorado Bridge Preventative Maintenance-148853","type":"Bridge Maintenance Operations","roads":"US-24W","chain_law":false,"closure":false,"pass_relevant":false,"observed":"2026-10-01T21:34:17.735Z","source":"planned"}},{"type":"Feature","geometry":{"type":"Point","coordinates":[-105.028843,39.573336]},"properties":{"id":"OpenTMS-Event35342523743","title":"Santa Fe Drive Mineral Ave Operational Improvements-145436","type":"Other","roads":"US-85S","chain_law":false,"closure":true,"pass_relevant":false,"observed":"2026-09-23T23:51:38.219Z","source":"planned"}},{"type":"Feature","geometry":{"type":"Point","coordinates":[-103.883853,37.720799]},"properties":{"id":"OpenTMS-Event35504691938","title":"US 350 Resurfacing Otero County-148679","type":"Paving Operations","roads":"US-350E","chain_law":false,"closure":false,"pass_relevant":false,"observed":"2026-10-01T13:57:53.169Z","source":"planned"}},{"type":"Feature","geometry":{"type":"Point","coordinates":[-104.436877,39.026242]},"properties":{"id":"OpenTMS-Event35511308877","title":"New Project: 26310 - US 24 Resurfacing from Peyton to Calhan-148884","type":"Paving Operations","roads":"US-24E","chain_law":false,"closure":false,"pass_relevant":false,"observed":"2026-10-01T22:04:44.288Z","source":"planned"}},{"type":"Feature","geometry":{"type":"Point","coordinates":[-104.856437,39.740097]},"properties":{"id":"OpenTMS-Event35510028776","title":"East Colfax Moline Station-148808","type":"Road Construction","roads":"US-40E","chain_law":false,"closure":true,"pass_relevant":false,"observed":"2026-10-01T20:39:33.283Z","source":"planned"}},{"type":"Feature","geometry":{"type":"Point","coordinates":[-104.609584,38.294932]},"properties":{"id":"OpenTMS-Event35510572136","title":"I-25/US 50 Interchange Project-148839","type":"Road Construction","roads":"I-25N","chain_law":false,"closure":true,"pass_relevant":false,"observed":"2026-10-01T21:14:11.280Z","source":"planned"}},{"type":"Feature","geometry":{"type":"Point","coordinates":[-104.828169,39.772378]},"properties":{"id":"OpenTMS-Event35493299070","title":"i-70 Pavement Repairs Chambers to E-470-148658","type":"Road Construction","roads":"I-70E","chain_law":false,"closure":true,"pass_relevant":true,"observed":"2026-09-30T23:52:09.275Z","source":"planned"}},{"type":"Feature","geometry":{"type":"Point","coordinates":[-102.618913,38.114712]},"properties":{"id":"OpenTMS-Event35393268357","title":"Statewide Scales-148133","type":"Road Construction","roads":"US-50E","chain_law":false,"closure":true,"pass_relevant":false,"observed":"2026-10-01T17:56:15.383Z","source":"planned"}},{"type":"Feature","geometry":{"type":"Point","coordinates":[-106.304188,39.642831]},"properties":{"id":"OpenTMS-Event35488382882","title":"I-70 West Vail Pass – Lane & Shoulder Closures-148561","type":"Road Construction","roads":"I-70E","chain_law":false,"closure":true,"pass_relevant":true,"observed":"2026-09-30T17:45:45.911Z","source":"planned"}},{"type":"Feature","geometry":{"type":"Point","coordinates":[-102.945238,39.281356]},"properties":{"id":"OpenTMS-Event33990564038","title":"I-70 Seibert-Stratton Roadway Improvements-139794","type":"Road Construction","roads":"I-70E","chain_law":false,"closure":true,"pass_relevant":true,"observed":"2026-08-03T19:13:36.854Z","source":"planned"}},{"type":"Feature","geometry":{"type":"Point","coordinates":[-106.401071,39.558055]},"properties":{"id":"OpenTMS-Event35386941345","title":"Road Construction-147978","type":"Road Construction","roads":"US-24E","chain_law":false,"closure":false,"pass_relevant":false,"observed":"2026-09-25T12:55:16.908Z","source":"planned"}},{"type":"Feature","geometry":{"type":"Point","coordinates":[-105.696559,39.716723]},"properties":{"id":"OpenTMS-Event35511040089","title":"R3 - I-70 Chain Station Technology & Communications Upgrades-148870","type":"Other","roads":"I-70W","chain_law":true,"closure":true,"pass_relevant":true,"observed":"2026-10-01T21:49:48.466Z","source":"planned"}},{"type":"Feature","geometry":{"type":"Point","coordinates":[-104.699362,39.740098]},"properties":{"id":"OpenTMS-Event35420342878","title":"I-70 Aerotropolis Interchange-146665","type":"Bridge Construction","roads":"I-70E","chain_law":false,"closure":true,"pass_relevant":true,"observed":"2026-09-27T06:01:25.248Z","source":"planned"}},{"type":"Feature","geometry":{"type":"Point","coordinates":[-107.675511,38.017869]},"properties":{"id":"OpenTMS-Event35503934092","title":"Ouray Ped Improvements -148232","type":"Road Construction","roads":"US-550N","chain_law":false,"closure":true,"pass_relevant":false,"observed":"2026-10-01T13:01:30.670Z","source":"planned"}},{"type":"Feature","geometry":{"type":"Point","coordinates":[-104.436877,39.026242]},"properties":{"id":"OpenTMS-Event35511308958","title":"New Project: 26310 - US 24 Resurfacing from Peyton to Calhan-148889","type":"Paving Operations","roads":"US-24W","chain_law":false,"closure":false,"pass_relevant":false,"observed":"2026-10-01T22:04:46.018Z","source":"planned"}},{"type":"Feature","geometry":{"type":"Point","coordinates":[-107.675511,38.017869]},"properties":{"id":"OpenTMS-Event35437765640","title":"Ouray Ped Improvements -148227","type":"Road Construction","roads":"US-550N","chain_law":false,"closure":true,"pass_relevant":false,"observed":"2026-09-28T21:41:49.605Z","source":"planned"}},{"type":"Feature","geometry":{"type":"Point","coordinates":[-106.104945,38.812973]},"properties":{"id":"OpenTMS-Event35355770580","title":"South Central Colorado Bridge Preventative Maintenance-147713","type":"Bridge Maintenance Operations","roads":"US-24W","chain_law":false,"closure":true,"pass_relevant":false,"observed":"2026-09-23T22:20:06.238Z","source":"planned"}},{"type":"Feature","geometry":{"type":"Point","coordinates":[-105.090584,39.9207]},"properties":{"id":"OpenTMS-Event35494240520","title":"US 287 Improvements - Broomfield-148469","type":"Road Construction","roads":"US-287N","chain_law":false,"closure":false,"pass_relevant":false,"observed":"2026-10-01T01:02:32.724Z","source":"planned"}},{"type":"Feature","geometry":{"type":"Point","coordinates":[-104.992706,39.680982]},"properties":{"id":"OpenTMS-Event35459547384","title":"US 85 & West Jewell Ave-147312","type":"Bridge Construction","roads":"US-85S","chain_law":false,"closure":false,"pass_relevant":false,"observed":"2026-09-29T06:05:29.009Z","source":"planned"}},{"type":"Feature","geometry":{"type":"Point","coordinates":[-108.564525,39.063029]},"properties":{"id":"OpenTMS-Event34417577741","title":"I-70B East of Third Street Improvements -142386","type":"Road Construction","roads":"US-50E","chain_law":false,"closure":true,"pass_relevant":true,"observed":"2026-09-24T21:24:03.612Z","source":"planned"}},{"type":"Feature","geometry":{"type":"Point","coordinates":[-104.977802,39.827443]},"properties":{"id":"OpenTMS-Event35355972517","title":"US 36 & I-270 Bridge Preventative Maintenance-147715","type":"Bridge Maintenance Operations","roads":"I-270E","chain_law":false,"closure":true,"pass_relevant":false,"observed":"2026-09-23T22:35:07.137Z","source":"planned"}},{"type":"Feature","geometry":{"type":"Point","coordinates":[-105.081479,39.761964]},"properties":{"id":"OpenTMS-Event35369428230","title":"Wadsworth Path construction – Wadsworth between 32nd and 35th-147850","type":"Road Construction","roads":"CO-121S","chain_law":false,"closure":true,"pass_relevant":false,"observed":"2026-09-24T15:19:45.889Z","source":"planned"}},{"type":"Feature","geometry":{"type":"Point","coordinates":[-107.674054,38.030423]},"properties":{"id":"OpenTMS-Event35437765730","title":"Ouray Ped Improvements -148247","type":"Road Construction","roads":"US-550S","chain_law":false,"closure":true,"pass_relevant":false,"observed":"2026-09-28T21:41:52.246Z","source":"planned"}},{"type":"Feature","geometry":{"type":"Point","coordinates":[-105.293969,39.742238]},"properties":{"id":"OpenTMS-Event35488383273","title":"Work Element Highway US 6-148576","type":"Road Construction","roads":"US-6E","chain_law":false,"closure":false,"pass_relevant":false,"observed":"2026-09-30T17:45:57.505Z","source":"planned"}},{"type":"Feature","geometry":{"type":"Point","coordinates":[-105.873388,39.995364]},"properties":{"id":"OpenTMS-Event35507024727","title":"Road Construction-148645","type":"Road Construction","roads":"US-40E","chain_law":false,"closure":false,"pass_relevant":false,"observed":"2026-10-01T16:45:02.515Z","source":"planned"}},{"type":"Feature","geometry":{"type":"Point","coordinates":[-106.304188,39.642831]},"properties":{"id":"OpenTMS-Event35488383198","title":"I-70 West Vail Pass – Lane & Shoulder Closures-148564","type":"Road Construction","roads":"I-70E","chain_law":false,"closure":true,"pass_relevant":true,"observed":"2026-09-30T17:45:55.447Z","source":"planned"}},{"type":"Feature","geometry":{"type":"Point","coordinates":[-104.931545,39.803666]},"properties":{"id":"OpenTMS-Event35505639230","title":"Various intersection & median work – Vasquez Blvd between I-270 and 64th Ave-148689","type":"Road Construction","roads":"US-6E","chain_law":false,"closure":true,"pass_relevant":false,"observed":"2026-10-01T15:08:46.915Z","source":"planned"}},{"type":"Feature","geometry":{"type":"Point","coordinates":[-104.828169,39.772378]},"properties":{"id":"OpenTMS-Event35493299156","title":"i-70 Pavement Repairs Chambers to E-470-148659","type":"Road Construction","roads":"I-70E","chain_law":false,"closure":true,"pass_relevant":true,"observed":"2026-09-30T23:52:11.652Z","source":"planned"}},{"type":"Feature","geometry":{"type":"Point","coordinates":[-104.757966,39.477557]},"properties":{"id":"OpenTMS-Event35505566147","title":"Parker Sidewalks-148442","type":"Bridge Construction","roads":"CO-83N","chain_law":false,"closure":true,"pass_relevant":false,"observed":"2026-10-01T15:03:33.621Z","source":"planned"}},{"type":"Feature","geometry":{"type":"Point","coordinates":[-105.149963,39.617606]},"properties":{"id":"OpenTMS-Event35508114301","title":"C-470 & Bowles Ave Interchange Improvements-148769","type":"Road Construction","roads":"CO-470E","chain_law":false,"closure":true,"pass_relevant":false,"observed":"2026-10-01T18:10:52.331Z","source":"planned"}},{"type":"Feature","geometry":{"type":"Point","coordinates":[-105.49159,39.842729]},"properties":{"id":"OpenTMS-Event35503940941","title":"CO 46 Resurfacing-148462","type":"Sign Work","roads":"CO-46E","chain_law":false,"closure":false,"pass_relevant":false,"observed":"2026-10-01T13:01:45.775Z","source":"planned"}},{"type":"Feature","geometry":{"type":"Point","coordinates":[-105.02502,39.913483]},"properties":{"id":"OpenTMS-Event34690714717","title":"Federal Parkway Improvements Project-143953","type":"Road Construction","roads":"US-287N","chain_law":false,"closure":false,"pass_relevant":false,"observed":"2026-08-20T18:22:17.277Z","source":"planned"}},{"type":"Feature","geometry":{"type":"Point","coordinates":[-105.85815,38.998811]},"properties":{"id":"OpenTMS-Event35429225890","title":"Sign Improvements in Park and Summit Counties-148199","type":"Sign Work","roads":"US-24E","chain_law":false,"closure":false,"pass_relevant":false,"observed":"2026-09-27T16:54:23.033Z","source":"planned"}},{"type":"Feature","geometry":{"type":"Point","coordinates":[-108.737506,39.157621]},"properties":{"id":"OpenTMS-Event35505979735","title":"US 6 Resurfacing-148713","type":"Road Construction","roads":"US-6W","chain_law":false,"closure":false,"pass_relevant":false,"observed":"2026-10-01T15:39:01.936Z","source":"planned"}},{"type":"Feature","geometry":{"type":"Point","coordinates":[-104.999655,39.740217]},"properties":{"id":"OpenTMS-Event35450949245","title":"Colfax Downtown Rail Reconstruction -148409","type":"Road Construction","roads":"US-40W","chain_law":false,"closure":true,"pass_relevant":false,"observed":"2026-09-28T19:29:49.197Z","source":"planned"}},{"type":"Feature","geometry":{"type":"Point","coordinates":[-106.375644,39.501622]},"properties":{"id":"OpenTMS-Event35386941252","title":"Road Construction-147983","type":"Road Construction","roads":"US-24E","chain_law":false,"closure":false,"pass_relevant":false,"observed":"2026-09-25T12:55:14.555Z","source":"planned"}},{"type":"Feature","geometry":{"type":"Point","coordinates":[-105.023457,39.58487]},"properties":{"id":"OpenTMS-Event35359612435","title":"Santa Fe Drive Mineral Ave Operational Improvements-147766","type":"IT or Fiber Optics","roads":"US-85S","chain_law":false,"closure":true,"pass_relevant":false,"observed":"2026-09-24T03:05:36.891Z","source":"planned"}},{"type":"Feature","geometry":{"type":"Point","coordinates":[-105.22743,39.983111]},"properties":{"id":"OpenTMS-Event35369563136","title":"Boulder Traffic Signals-147861","type":"Traffic Sign Maintenance","roads":"CO-157S","chain_law":false,"closure":false,"pass_relevant":false,"observed":"2026-10-01T15:29:45.296Z","source":"planned"}},{"type":"Feature","geometry":{"type":"Point","coordinates":[-105.102423,39.783632]},"properties":{"id":"OpenTMS-Event35504557341","title":"I-70 Bridge Repairs at Kipling & Garrison-148675","type":"Bridge Repair","roads":"I-70E","chain_law":false,"closure":true,"pass_relevant":true,"observed":"2026-10-01T17:51:13.812Z","source":"planned"}},{"type":"Feature","geometry":{"type":"Point","coordinates":[-106.10144,39.589255]},"properties":{"id":"OpenTMS-Event35400786543","title":"Frisco Exit 203-145571","type":"Bridge Construction","roads":"I-70E","chain_law":false,"closure":true,"pass_relevant":false,"observed":"2026-09-29T16:57:11.942Z","source":"planned"}},{"type":"Feature","geometry":{"type":"Point","coordinates":[-107.036952,37.272958]},"properties":{"id":"OpenTMS-Event35426061122","title":"US 160 Pagosa Springs Reconstruction-147583","type":"Road Construction","roads":"US-160W","chain_law":false,"closure":false,"pass_relevant":false,"observed":"2026-09-27T13:01:27.603Z","source":"planned"}},{"type":"Feature","geometry":{"type":"Point","coordinates":[-105.49159,39.842729]},"properties":{"id":"OpenTMS-Event35484623517","title":"CO 46 Resurfacing-148456","type":"Sign Work","roads":"CO-46W","chain_law":false,"closure":false,"pass_relevant":false,"observed":"2026-09-30T13:05:45.692Z","source":"planned"}},{"type":"Feature","geometry":{"type":"Point","coordinates":[-108.737506,39.157621]},"properties":{"id":"OpenTMS-Event35506049479","title":"US 6 Resurfacing-148719","type":"Road Construction","roads":"US-6E","chain_law":false,"closure":false,"pass_relevant":false,"observed":"2026-10-01T15:39:03.094Z","source":"planned"}},{"type":"Feature","geometry":{"type":"Point","coordinates":[-105.612759,38.26572]},"properties":{"id":"OpenTMS-Event35486402344","title":"CO 69 Resurfacing Hillside to Texas Creek-148540","type":"Paving Operations","roads":"CO-69N","chain_law":false,"closure":false,"pass_relevant":false,"observed":"2026-09-30T15:23:12.066Z","source":"planned"}},{"type":"Feature","geometry":{"type":"Point","coordinates":[-105.090584,39.9207]},"properties":{"id":"OpenTMS-Event35357959046","title":"US 287 Improvements - Broomfield-147630","type":"Road Construction","roads":"US-287N","chain_law":false,"closure":false,"pass_relevant":false,"observed":"2026-09-24T01:02:45.550Z","source":"planned"}},{"type":"Feature","geometry":{"type":"Point","coordinates":[-107.379649,40.506923]},"properties":{"id":"OpenTMS-Event35466427342","title":"US 40 Milner Resurfacing-147522","type":"Road Construction","roads":"US-40W","chain_law":false,"closure":false,"pass_relevant":false,"observed":"2026-09-29T14:34:39.957Z","source":"planned"}},{"type":"Feature","geometry":{"type":"Point","coordinates":[-107.945126,39.495097]},"properties":{"id":"OpenTMS-Event35488939744","title":"Seeding-148556","type":"Other","roads":"I-70E","chain_law":false,"closure":true,"pass_relevant":false,"observed":"2026-09-30T18:27:37.910Z","source":"planned"}},{"type":"Feature","geometry":{"type":"Point","coordinates":[-105.854351,39.701885]},"properties":{"id":"OpenTMS-Event35511777061","title":"Crack Seal -148896","type":"Crack Sealing","roads":"I-70W","chain_law":false,"closure":true,"pass_relevant":false,"observed":"2026-10-01T22:39:50.989Z","source":"planned"}},{"type":"Feature","geometry":{"type":"Point","coordinates":[-104.699361,39.740231]},"properties":{"id":"OpenTMS-Event35400786156","title":"I-70 Aerotropolis Interchange-146695","type":"Bridge Construction","roads":"I-70W","chain_law":false,"closure":true,"pass_relevant":true,"observed":"2026-09-26T06:01:26.637Z","source":"planned"}},{"type":"Feature","geometry":{"type":"Point","coordinates":[-104.801559,39.769223]},"properties":{"id":"OpenTMS-Event35497523857","title":"i-70 Pavement Repairs Chambers to E-470-148667","type":"Road Construction","roads":"I-70E","chain_law":false,"closure":true,"pass_relevant":true,"observed":"2026-10-01T05:06:04.978Z","source":"planned"}},{"type":"Feature","geometry":{"type":"Point","coordinates":[-105.091787,39.917616]},"properties":{"id":"OpenTMS-Event35470600153","title":"US 287 Improvements - Broomfield-148482","type":"Road Construction","roads":"CO-121S","chain_law":false,"closure":false,"pass_relevant":false,"observed":"2026-09-29T19:44:25.517Z","source":"planned"}},{"type":"Feature","geometry":{"type":"Point","coordinates":[-105.398244,39.816103]},"properties":{"id":"OpenTMS-Event35467342691","title":"CO 46 Resurfacing-148448","type":"Paving Operations","roads":"CO-46W","chain_law":false,"closure":false,"pass_relevant":false,"observed":"2026-09-29T15:42:08.308Z","source":"planned"}},{"type":"Feature","geometry":{"type":"Point","coordinates":[-107.674054,38.030423]},"properties":{"id":"OpenTMS-Event35503934127","title":"Ouray Ped Improvements -148251","type":"Road Construction","roads":"US-550S","chain_law":false,"closure":true,"pass_relevant":false,"observed":"2026-10-01T13:01:31.875Z","source":"planned"}},{"type":"Feature","geometry":{"type":"Point","coordinates":[-105.028843,39.573336]},"properties":{"id":"OpenTMS-Event35420349629","title":"Santa Fe Drive Mineral Ave Operational Improvements-145440","type":"Other","roads":"US-85S","chain_law":false,"closure":true,"pass_relevant":false,"observed":"2026-09-27T06:01:46.130Z","source":"planned"}},{"type":"Feature","geometry":{"type":"Point","coordinates":[-105.102423,39.783632]},"properties":{"id":"OpenTMS-Event35504557261","title":"I-70 Bridge Repairs at Kipling & Garrison-148674","type":"Bridge Repair","roads":"I-70E","chain_law":false,"closure":true,"pass_relevant":true,"observed":"2026-10-01T17:51:11.764Z","source":"planned"}},{"type":"Feature","geometry":{"type":"Point","coordinates":[-105.144584,39.584068]},"properties":{"id":"OpenTMS-Event35395241024","title":"C-470 Resurfacing-147916","type":"Road Construction","roads":"CO-470E","chain_law":false,"closure":false,"pass_relevant":false,"observed":"2026-09-30T21:24:28.272Z","source":"planned"}},{"type":"Feature","geometry":{"type":"Point","coordinates":[-105.810795,39.691922]},"properties":{"id":"OpenTMS-Event35511040804","title":"R3 - I-70 Chain Station Technology & Communications Upgrades-148865","type":"Other","roads":"I-70W","chain_law":true,"closure":true,"pass_relevant":true,"observed":"2026-10-01T21:49:55.985Z","source":"planned"}},{"type":"Feature","geometry":{"type":"Point","coordinates":[-108.737506,39.157621]},"properties":{"id":"OpenTMS-Event35505979750","title":"US 6 Resurfacing-148715","type":"Road Construction","roads":"US-6W","chain_law":false,"closure":false,"pass_relevant":false,"observed":"2026-10-01T15:39:02.321Z","source":"planned"}},{"type":"Feature","geometry":{"type":"Point","coordinates":[-107.036952,37.272958]},"properties":{"id":"OpenTMS-Event35503933977","title":"US 160 Pagosa Springs Reconstruction-147587","type":"Road Construction","roads":"US-160W","chain_law":false,"closure":false,"pass_relevant":false,"observed":"2026-10-01T13:01:13.897Z","source":"planned"}},{"type":"Feature","geometry":{"type":"Point","coordinates":[-102.264928,40.585696]},"properties":{"id":"OpenTMS-Event33993131437","title":"US 6 and US 385 Bridge Replacements-139871","type":"Bridge Construction","roads":"US-6E","chain_law":false,"closure":false,"pass_relevant":false,"observed":"2026-07-21T00:47:05.728Z","source":"planned"}},{"type":"Feature","geometry":{"type":"Point","coordinates":[-103.883853,37.720799]},"properties":{"id":"OpenTMS-Event35504691791","title":"US 350 Resurfacing Otero County-148677","type":"Paving Operations","roads":"US-350E","chain_law":false,"closure":false,"pass_relevant":false,"observed":"2026-10-01T13:57:52.182Z","source":"planned"}},{"type":"Feature","geometry":{"type":"Point","coordinates":[-103.800715,40.305171]},"properties":{"id":"OpenTMS-Event35508114419","title":"CO 52 Resurfacing-148758","type":"Paving Operations","roads":"CO-52E","chain_law":false,"closure":false,"pass_relevant":false,"observed":"2026-10-01T18:06:23.079Z","source":"planned"}},{"type":"Feature","geometry":{"type":"Point","coordinates":[-105.237708,39.985813]},"properties":{"id":"OpenTMS-Event35505919871","title":"Boulder Traffic Signals-148698","type":"Traffic Sign Maintenance","roads":"TABLE MESA DR","chain_law":false,"closure":false,"pass_relevant":false,"observed":"2026-10-01T15:29:46.073Z","source":"planned"}},{"type":"Feature","geometry":{"type":"Point","coordinates":[-105.028843,39.573336]},"properties":{"id":"OpenTMS-Event35498330640","title":"Santa Fe Drive Mineral Ave Operational Improvements-145444","type":"Other","roads":"US-85S","chain_law":false,"closure":true,"pass_relevant":false,"observed":"2026-10-01T06:05:46.330Z","source":"planned"}},{"type":"Feature","geometry":{"type":"Point","coordinates":[-104.873485,38.360558]},"properties":{"id":"OpenTMS-Event35507024520","title":"Road Construction-148629","type":"Road Construction","roads":"US-50E","chain_law":false,"closure":true,"pass_relevant":false,"observed":"2026-10-01T16:45:01.379Z","source":"planned"}},{"type":"Feature","geometry":{"type":"Point","coordinates":[-107.674054,38.030423]},"properties":{"id":"OpenTMS-Event35484616930","title":"Ouray Ped Improvements -148250","type":"Road Construction","roads":"US-550S","chain_law":false,"closure":true,"pass_relevant":false,"observed":"2026-09-30T13:05:35.880Z","source":"planned"}},{"type":"Feature","geometry":{"type":"Point","coordinates":[-103.544498,38.85065]},"properties":{"id":"OpenTMS-Event35387076863","title":"Paving Operations-147679","type":"Paving Operations","roads":"CO-94E","chain_law":false,"closure":false,"pass_relevant":false,"observed":"2026-09-25T13:05:09.540Z","source":"planned"}},{"type":"Feature","geometry":{"type":"Point","coordinates":[-104.87953,37.139859]},"properties":{"id":"OpenTMS-Event35390815694","title":"Road Construction-148110","type":"Road Construction","roads":"CO-12E","chain_law":false,"closure":false,"pass_relevant":false,"observed":"2026-09-25T17:43:15.625Z","source":"planned"}},{"type":"Feature","geometry":{"type":"Point","coordinates":[-108.459049,39.102628]},"properties":{"id":"OpenTMS-Event35507091005","title":"Paving Operations-148500","type":"Paving Operations","roads":"I-70E","chain_law":false,"closure":true,"pass_relevant":true,"observed":"2026-10-01T16:49:47.117Z","source":"planned"}},{"type":"Feature","geometry":{"type":"Point","coordinates":[-105.49159,39.842729]},"properties":{"id":"OpenTMS-Event35467403335","title":"CO 46 Resurfacing-148460","type":"Sign Work","roads":"CO-46E","chain_law":false,"closure":false,"pass_relevant":false,"observed":"2026-09-29T15:46:48.452Z","source":"planned"}},{"type":"Feature","geometry":{"type":"Point","coordinates":[-108.56273,39.064404]},"properties":{"id":"OpenTMS-Event34417577691","title":"I-70B East of Third Street Improvements -142382","type":"Road Construction","roads":"CO-70E","chain_law":false,"closure":true,"pass_relevant":false,"observed":"2026-09-24T21:23:59.976Z","source":"planned"}},{"type":"Feature","geometry":{"type":"Point","coordinates":[-104.470549,39.346575]},"properties":{"id":"OpenTMS-Event33695342568","title":"Bridge Construction-138203","type":"Bridge Construction","roads":"CO-86W","chain_law":false,"closure":false,"pass_relevant":false,"observed":"2026-08-07T18:00:55.926Z","source":"planned"}},{"type":"Feature","geometry":{"type":"Point","coordinates":[-107.674054,38.030423]},"properties":{"id":"OpenTMS-Event35437765580","title":"Ouray Ped Improvements -148246","type":"Road Construction","roads":"US-550S","chain_law":false,"closure":true,"pass_relevant":false,"observed":"2026-09-28T21:41:47.198Z","source":"planned"}},{"type":"Feature","geometry":{"type":"Point","coordinates":[-107.379649,40.506923]},"properties":{"id":"OpenTMS-Event35368822524","title":"US 40 Milner Resurfacing-147519","type":"Road Construction","roads":"US-40W","chain_law":false,"closure":false,"pass_relevant":false,"observed":"2026-09-24T14:34:32.194Z","source":"planned"}},{"type":"Feature","geometry":{"type":"Point","coordinates":[-105.810795,39.691922]},"properties":{"id":"OpenTMS-Event35511042945","title":"R3 - I-70 Chain Station Technology & Communications Upgrades-148868","type":"Other","roads":"I-70W","chain_law":true,"closure":true,"pass_relevant":true,"observed":"2026-10-01T21:49:50.685Z","source":"planned"}},{"type":"Feature","geometry":{"type":"Point","coordinates":[-103.544498,38.85065]},"properties":{"id":"OpenTMS-Event35507024420","title":"Paving Operations-148622","type":"Paving Operations","roads":"CO-94E","chain_law":false,"closure":false,"pass_relevant":false,"observed":"2026-10-01T16:44:59.164Z","source":"planned"}},{"type":"Feature","geometry":{"type":"Point","coordinates":[-103.883853,37.720799]},"properties":{"id":"OpenTMS-Event35504691773","title":"US 350 Resurfacing Otero County-148676","type":"Paving Operations","roads":"US-350E","chain_law":false,"closure":false,"pass_relevant":false,"observed":"2026-10-01T13:57:51.614Z","source":"planned"}},{"type":"Feature","geometry":{"type":"Point","coordinates":[-104.90341,39.778364]},"properties":{"id":"OpenTMS-Event35357959207","title":"CO 35 Resurfacing & Bridge Rehab-147753","type":"Bridge Maintenance Operations","roads":"CO-35N","chain_law":false,"closure":true,"pass_relevant":true,"observed":"2026-10-01T18:06:14.769Z","source":"planned"}},{"type":"Feature","geometry":{"type":"Point","coordinates":[-104.757966,39.477557]},"properties":{"id":"OpenTMS-Event35369216503","title":"Parker Sidewalks-146733","type":"Bridge Construction","roads":"CO-83N","chain_law":false,"closure":true,"pass_relevant":false,"observed":"2026-09-24T15:04:04.160Z","source":"planned"}},{"type":"Feature","geometry":{"type":"Point","coordinates":[-107.671626,38.029123]},"properties":{"id":"OpenTMS-Event35452736322","title":"Ouray Ped Improvements -148426","type":"Road Construction","roads":"US-550N","chain_law":false,"closure":true,"pass_relevant":false,"observed":"2026-09-28T21:41:53.796Z","source":"planned"}},{"type":"Feature","geometry":{"type":"Point","coordinates":[-107.851293,37.219398]},"properties":{"id":"OpenTMS-Event35386868820","title":"Paving Operations-147656","type":"Paving Operations","roads":"US-160E","chain_law":false,"closure":false,"pass_relevant":false,"observed":"2026-09-25T12:50:04.492Z","source":"planned"}},{"type":"Feature","geometry":{"type":"Point","coordinates":[-105.028843,39.573336]},"properties":{"id":"OpenTMS-Event35478958728","title":"Santa Fe Drive Mineral Ave Operational Improvements-145443","type":"Other","roads":"US-85S","chain_law":false,"closure":true,"pass_relevant":false,"observed":"2026-09-30T06:05:09.285Z","source":"planned"}},{"type":"Feature","geometry":{"type":"Point","coordinates":[-105.304221,39.712512]},"properties":{"id":"OpenTMS-Event35467194366","title":"I-70 Resurfacing - Chief Hosa to Colfax-148429","type":"IT or Fiber Optics","roads":"I-70E","chain_law":false,"closure":true,"pass_relevant":true,"observed":"2026-09-29T15:31:10.329Z","source":"planned"}},{"type":"Feature","geometry":{"type":"Point","coordinates":[-105.091787,39.917616]},"properties":{"id":"OpenTMS-Event35494240558","title":"US 287 Improvements - Broomfield-148484","type":"Road Construction","roads":"CO-121S","chain_law":false,"closure":false,"pass_relevant":false,"observed":"2026-10-01T01:02:35.049Z","source":"planned"}},{"type":"Feature","geometry":{"type":"Point","coordinates":[-107.86669,37.233631]},"properties":{"id":"OpenTMS-Event35507024345","title":"Paving Operations-148493","type":"Paving Operations","roads":"US-160E","chain_law":false,"closure":true,"pass_relevant":false,"observed":"2026-10-01T16:44:57.448Z","source":"planned"}},{"type":"Feature","geometry":{"type":"Point","coordinates":[-104.871509,39.555516]},"properties":{"id":"OpenTMS-Event35512240482","title":"CTIO (C-470 WB) Short-Term Stationary Lane Closure-148899","type":"Road Maintenance Operations","roads":"CO-470W","chain_law":false,"closure":true,"pass_relevant":false,"observed":"2026-10-01T23:14:38.718Z","source":"planned"}},{"type":"Feature","geometry":{"type":"Point","coordinates":[-104.860675,39.14485]},"properties":{"id":"OpenTMS-Event35391154056","title":"CTIO (I-25 NB) Short-Term Stationary Lane Closure GAP-148112","type":"Road Maintenance Operations","roads":"I-25N","chain_law":false,"closure":true,"pass_relevant":false,"observed":"2026-09-30T21:35:06.807Z","source":"planned"}},{"type":"Feature","geometry":{"type":"Point","coordinates":[-105.149963,39.617606]},"properties":{"id":"OpenTMS-Event35508114344","title":"C-470 & Bowles Ave Interchange Improvements-148770","type":"Road Construction","roads":"CO-470E","chain_law":false,"closure":true,"pass_relevant":false,"observed":"2026-10-01T18:10:52.704Z","source":"planned"}},{"type":"Feature","geometry":{"type":"Point","coordinates":[-104.90341,39.778364]},"properties":{"id":"OpenTMS-Event35508033863","title":"CO 35 Resurfacing & Bridge Rehab-148754","type":"Bridge Maintenance Operations","roads":"CO-35N","chain_law":false,"closure":true,"pass_relevant":true,"observed":"2026-10-01T18:06:17.503Z","source":"planned"}},{"type":"Feature","geometry":{"type":"Point","coordinates":[-105.78426,39.917746]},"properties":{"id":"OpenTMS-Event35507025369","title":"Road Construction-148651","type":"Road Construction","roads":"US-40E","chain_law":false,"closure":true,"pass_relevant":false,"observed":"2026-10-01T16:45:03.825Z","source":"planned"}},{"type":"Feature","geometry":{"type":"Point","coordinates":[-105.49159,39.842729]},"properties":{"id":"OpenTMS-Event35484623502","title":"CO 46 Resurfacing-148461","type":"Sign Work","roads":"CO-46E","chain_law":false,"closure":false,"pass_relevant":false,"observed":"2026-09-30T13:05:45.124Z","source":"planned"}},{"type":"Feature","geometry":{"type":"Point","coordinates":[-105.49159,39.842729]},"properties":{"id":"OpenTMS-Event35503940958","title":"CO 46 Resurfacing-148457","type":"Sign Work","roads":"CO-46W","chain_law":false,"closure":false,"pass_relevant":false,"observed":"2026-10-01T13:01:46.563Z","source":"planned"}},{"type":"Feature","geometry":{"type":"Point","coordinates":[-103.800715,40.305171]},"properties":{"id":"OpenTMS-Event35508114489","title":"CO 52 Resurfacing-148762","type":"Paving Operations","roads":"CO-52E","chain_law":false,"closure":false,"pass_relevant":false,"observed":"2026-10-01T18:06:24.682Z","source":"planned"}},{"type":"Feature","geometry":{"type":"Point","coordinates":[-106.333351,39.313244]},"properties":{"id":"OpenTMS-Event35386941207","title":"Road Construction-147989","type":"Road Construction","roads":"US-24E","chain_law":false,"closure":false,"pass_relevant":false,"observed":"2026-09-25T12:55:13.428Z","source":"planned"}},{"type":"Feature","geometry":{"type":"Point","coordinates":[-104.992706,39.680982]},"properties":{"id":"OpenTMS-Event35342524423","title":"US 85 & West Jewell Ave-147318","type":"Bridge Construction","roads":"US-85S","chain_law":false,"closure":false,"pass_relevant":false,"observed":"2026-09-23T06:02:39.209Z","source":"planned"}},{"type":"Feature","geometry":{"type":"Point","coordinates":[-107.19681,39.586486]},"properties":{"id":"OpenTMS-Event35503935560","title":"I-70 Glenwood Canyon Bridge Joint Improvements-148520","type":"Bridge Construction","roads":"I-70W","chain_law":false,"closure":true,"pass_relevant":true,"observed":"2026-10-01T13:01:39.946Z","source":"planned"}},{"type":"Feature","geometry":{"type":"Point","coordinates":[-104.90341,39.778364]},"properties":{"id":"OpenTMS-Event35508033669","title":"CO 35 Resurfacing & Bridge Rehab-148755","type":"Bridge Maintenance Operations","roads":"CO-35N","chain_law":false,"closure":true,"pass_relevant":true,"observed":"2026-10-01T18:06:15.354Z","source":"planned"}},{"type":"Feature","geometry":{"type":"Point","coordinates":[-104.436877,39.026242]},"properties":{"id":"OpenTMS-Event35379111427","title":"New Project: 26310 - US 24 Resurfacing from Peyton to Calhan-148083","type":"Paving Operations","roads":"US-24E","chain_law":false,"closure":true,"pass_relevant":false,"observed":"2026-10-01T22:04:43.917Z","source":"planned"}},{"type":"Feature","geometry":{"type":"Point","coordinates":[-105.49159,39.842729]},"properties":{"id":"OpenTMS-Event35367613383","title":"CO 46 Resurfacing-147782","type":"Sign Work","roads":"CO-46E","chain_law":false,"closure":false,"pass_relevant":false,"observed":"2026-09-24T13:03:30.095Z","source":"planned"}},{"type":"Feature","geometry":{"type":"Point","coordinates":[-106.098168,39.591274]},"properties":{"id":"OpenTMS-Event35437493531","title":"Frisco Exit 203-148220","type":"Bridge Construction","roads":"I-70E","chain_law":false,"closure":true,"pass_relevant":false,"observed":"2026-09-29T16:57:11.172Z","source":"planned"}},{"type":"Feature","geometry":{"type":"Point","coordinates":[-104.992706,39.680982]},"properties":{"id":"OpenTMS-Event35420342909","title":"US 85 & West Jewell Ave-147314","type":"Bridge Construction","roads":"US-85S","chain_law":false,"closure":false,"pass_relevant":false,"observed":"2026-09-27T06:01:29.439Z","source":"planned"}},{"type":"Feature","geometry":{"type":"Point","coordinates":[-104.436877,39.026242]},"properties":{"id":"OpenTMS-Event35379111442","title":"New Project: 26310 - US 24 Resurfacing from Peyton to Calhan-148088","type":"Paving Operations","roads":"US-24W","chain_law":false,"closure":true,"pass_relevant":false,"observed":"2026-10-01T22:04:43.214Z","source":"planned"}},{"type":"Feature","geometry":{"type":"Point","coordinates":[-104.987821,39.827467]},"properties":{"id":"OpenTMS-Event35505572718","title":"US 36 & I-270 Bridge Preventative Maintenance-148681","type":"Bridge Maintenance Operations","roads":"US-36E","chain_law":false,"closure":true,"pass_relevant":true,"observed":"2026-10-01T15:03:47.180Z","source":"planned"}},{"type":"Feature","geometry":{"type":"Point","coordinates":[-106.104945,38.812973]},"properties":{"id":"OpenTMS-Event35505719962","title":"South Central Colorado Bridge Preventative Maintenance-148691","type":"Bridge Maintenance Operations","roads":"US-24W","chain_law":false,"closure":true,"pass_relevant":false,"observed":"2026-10-01T21:34:17.153Z","source":"planned"}},{"type":"Feature","geometry":{"type":"Point","coordinates":[-103.748165,38.207171]},"properties":{"id":"OpenTMS-Event35370034427","title":"Ordway Intersection Project-147901","type":"Road Construction","roads":"CO-71N","chain_law":false,"closure":true,"pass_relevant":false,"observed":"2026-09-24T16:04:46.886Z","source":"planned"}},{"type":"Feature","geometry":{"type":"Point","coordinates":[-107.615917,37.047667]},"properties":{"id":"OpenTMS-Event35509948181","title":"Southwest CO Culvert Repairs-148804","type":"Culvert Maintenance","roads":"CO-172E","chain_law":false,"closure":false,"pass_relevant":false,"observed":"2026-10-01T20:29:17.058Z","source":"planned"}},{"type":"Feature","geometry":{"type":"Point","coordinates":[-104.910987,39.639744]},"properties":{"id":"OpenTMS-Event35509331853","title":"I-225 Bottleneck Mitigation -148793","type":"Road Construction","roads":"I-25S","chain_law":false,"closure":true,"pass_relevant":false,"observed":"2026-10-01T19:37:12.004Z","source":"planned"}},{"type":"Feature","geometry":{"type":"Point","coordinates":[-105.091787,39.917616]},"properties":{"id":"OpenTMS-Event35357952779","title":"US 287 Improvements - Broomfield-147645","type":"Road Construction","roads":"CO-121S","chain_law":false,"closure":false,"pass_relevant":false,"observed":"2026-09-24T01:02:38.900Z","source":"planned"}},{"type":"Feature","geometry":{"type":"Point","coordinates":[-105.612759,38.26572]},"properties":{"id":"OpenTMS-Event35351203772","title":"CO 69 Resurfacing Hillside to Texas Creek-147672","type":"Paving Operations","roads":"CO-69N","chain_law":false,"closure":false,"pass_relevant":false,"observed":"2026-09-30T15:23:14.596Z","source":"planned"}},{"type":"Feature","geometry":{"type":"Point","coordinates":[-108.626687,39.100771]},"properties":{"id":"OpenTMS-Event34417577707","title":"I-70B East of Third Street Improvements -142383","type":"Road Construction","roads":"CO-70E","chain_law":false,"closure":true,"pass_relevant":true,"observed":"2026-09-24T21:24:01.952Z","source":"planned"}},{"type":"Feature","geometry":{"type":"Point","coordinates":[-107.163864,39.601883]},"properties":{"id":"OpenTMS-Event35477043896","title":"I-70 Glenwood Canyon Bridge Joint Improvements-148502","type":"Bridge Construction","roads":"I-70E","chain_law":false,"closure":true,"pass_relevant":true,"observed":"2026-09-30T03:43:06.452Z","source":"planned"}},{"type":"Feature","geometry":{"type":"Point","coordinates":[-104.87953,37.139859]},"properties":{"id":"OpenTMS-Event35390815750","title":"Road Construction-148111","type":"Road Construction","roads":"CO-12E","chain_law":false,"closure":false,"pass_relevant":false,"observed":"2026-09-25T17:43:16.069Z","source":"planned"}},{"type":"Feature","geometry":{"type":"Point","coordinates":[-104.699361,39.740231]},"properties":{"id":"OpenTMS-Event35361979819","title":"I-70 Aerotropolis Interchange-146693","type":"Bridge Construction","roads":"I-70W","chain_law":false,"closure":true,"pass_relevant":true,"observed":"2026-09-24T06:02:26.356Z","source":"planned"}},{"type":"Feature","geometry":{"type":"Point","coordinates":[-108.544317,39.115245]},"properties":{"id":"OpenTMS-Event35507091059","title":"Paving Operations-148498","type":"Paving Operations","roads":"I-70E","chain_law":false,"closure":true,"pass_relevant":false,"observed":"2026-10-01T16:49:48.363Z","source":"planned"}},{"type":"Feature","geometry":{"type":"Point","coordinates":[-105.237708,39.985813]},"properties":{"id":"OpenTMS-Event35505919905","title":"Boulder Traffic Signals-148700","type":"Traffic Sign Maintenance","roads":"TABLE MESA DR","chain_law":false,"closure":false,"pass_relevant":false,"observed":"2026-10-01T15:29:46.915Z","source":"planned"}},{"type":"Feature","geometry":{"type":"Point","coordinates":[-106.333351,39.313244]},"properties":{"id":"OpenTMS-Event35386941192","title":"Road Construction-147988","type":"Road Construction","roads":"US-24E","chain_law":false,"closure":false,"pass_relevant":false,"observed":"2026-09-25T12:55:13.053Z","source":"planned"}},{"type":"Feature","geometry":{"type":"Point","coordinates":[-105.293969,39.742238]},"properties":{"id":"OpenTMS-Event35488383471","title":"Work Element Highway US 6-148581","type":"Road Construction","roads":"US-6E","chain_law":false,"closure":true,"pass_relevant":false,"observed":"2026-09-30T17:46:00.326Z","source":"planned"}},{"type":"Feature","geometry":{"type":"Point","coordinates":[-106.251778,37.069148]},"properties":{"id":"OpenTMS-Event35437968965","title":"Antonito to Chama -148262","type":"Paving Operations","roads":"CO-17N","chain_law":false,"closure":false,"pass_relevant":false,"observed":"2026-09-28T03:44:40.437Z","source":"planned"}},{"type":"Feature","geometry":{"type":"Point","coordinates":[-104.849425,39.740091]},"properties":{"id":"OpenTMS-Event34996109631","title":"East Colfax BRT Oswega St to Scranton St-145925","type":"Road Construction","roads":"US-40E","chain_law":false,"closure":false,"pass_relevant":false,"observed":"2026-10-01T20:34:09.075Z","source":"planned"}},{"type":"Feature","geometry":{"type":"Point","coordinates":[-106.373968,37.110709]},"properties":{"id":"OpenTMS-Event35437968935","title":"Antonito to Chama -148267","type":"Paving Operations","roads":"CO-17N","chain_law":false,"closure":true,"pass_relevant":false,"observed":"2026-09-28T03:44:38.563Z","source":"planned"}},{"type":"Feature","geometry":{"type":"Point","coordinates":[-105.293969,39.742238]},"properties":{"id":"OpenTMS-Event35503595961","title":"Work Element Highway US 6-148582","type":"Road Construction","roads":"US-6E","chain_law":false,"closure":true,"pass_relevant":false,"observed":"2026-10-01T12:36:09.364Z","source":"planned"}},{"type":"Feature","geometry":{"type":"Point","coordinates":[-105.293969,39.742238]},"properties":{"id":"OpenTMS-Event35488383366","title":"Work Element Highway US 6-148578","type":"Road Construction","roads":"US-6E","chain_law":false,"closure":true,"pass_relevant":false,"observed":"2026-09-30T17:45:58.799Z","source":"planned"}},{"type":"Feature","geometry":{"type":"Point","coordinates":[-105.428868,39.736104]},"properties":{"id":"OpenTMS-Event35391021547","title":"I-70 Floyd Hill Project - WO 9/27-148120","type":"Road Construction","roads":"US-40E","chain_law":false,"closure":false,"pass_relevant":true,"observed":"2026-09-30T19:18:26.489Z","source":"planned"}},{"type":"Feature","geometry":{"type":"Point","coordinates":[-105.251807,39.665881]},"properties":{"id":"OpenTMS-Event35509612836","title":"CO 74 Resurfacing-148795","type":"Guardrail","roads":"CO-74E","chain_law":false,"closure":false,"pass_relevant":false,"observed":"2026-10-01T19:58:24.147Z","source":"planned"}},{"type":"Feature","geometry":{"type":"Point","coordinates":[-104.984017,38.251502]},"properties":{"id":"OpenTMS-Event35510618689","title":"Timber Bridge Rehabilitation -148849","type":"Road Construction","roads":"CO-96E","chain_law":false,"closure":false,"pass_relevant":false,"observed":"2026-10-01T21:19:17.086Z","source":"planned"}},{"type":"Feature","geometry":{"type":"Point","coordinates":[-105.49159,39.842729]},"properties":{"id":"OpenTMS-Event35467403261","title":"CO 46 Resurfacing-148458","type":"Sign Work","roads":"CO-46E","chain_law":false,"closure":false,"pass_relevant":false,"observed":"2026-09-29T15:46:47.112Z","source":"planned"}},{"type":"Feature","geometry":{"type":"Point","coordinates":[-105.237708,39.985813]},"properties":{"id":"OpenTMS-Event35505919854","title":"Boulder Traffic Signals-148697","type":"Traffic Sign Maintenance","roads":"TABLE MESA DR","chain_law":false,"closure":false,"pass_relevant":false,"observed":"2026-10-01T15:29:45.658Z","source":"planned"}},{"type":"Feature","geometry":{"type":"Point","coordinates":[-104.984017,38.251502]},"properties":{"id":"OpenTMS-Event35370096490","title":"Timber Bridge Rehabilitation -147906","type":"Road Construction","roads":"CO-96E","chain_law":false,"closure":false,"pass_relevant":false,"observed":"2026-10-01T21:19:14.302Z","source":"planned"}},{"type":"Feature","geometry":{"type":"Point","coordinates":[-103.800715,40.305171]},"properties":{"id":"OpenTMS-Event35448951187","title":"CO 52 Resurfacing North of Fort Morgan-148275","type":"Paving Operations","roads":"CO-52W","chain_law":false,"closure":false,"pass_relevant":false,"observed":"2026-09-28T17:02:23.810Z","source":"planned"}},{"type":"Feature","geometry":{"type":"Point","coordinates":[-105.083612,40.203201]},"properties":{"id":"OpenTMS-Event34417577758","title":"I-70B East of Third Street Improvements -142401","type":"Road Construction","roads":"5TH ST","chain_law":false,"closure":true,"pass_relevant":false,"observed":"2026-09-24T21:24:05.023Z","source":"planned"}},{"type":"Feature","geometry":{"type":"Point","coordinates":[-104.699361,39.740231]},"properties":{"id":"OpenTMS-Event35498324595","title":"I-70 Aerotropolis Interchange-146700","type":"Bridge Construction","roads":"I-70W","chain_law":false,"closure":true,"pass_relevant":true,"observed":"2026-10-01T06:05:39.346Z","source":"planned"}},{"type":"Feature","geometry":{"type":"Point","coordinates":[-108.567852,39.065351]},"properties":{"id":"OpenTMS-Event35509265147","title":"I-70B East of Third Street Reconstruction-148786","type":"Road Construction","roads":"CO-70E","chain_law":false,"closure":true,"pass_relevant":false,"observed":"2026-10-01T19:32:15.464Z","source":"planned"}},{"type":"Feature","geometry":{"type":"Point","coordinates":[-104.984017,38.251502]},"properties":{"id":"OpenTMS-Event35510618659","title":"Timber Bridge Rehabilitation -148847","type":"Road Construction","roads":"CO-96E","chain_law":false,"closure":false,"pass_relevant":false,"observed":"2026-10-01T21:19:16.318Z","source":"planned"}},{"type":"Feature","geometry":{"type":"Point","coordinates":[-107.163864,39.601883]},"properties":{"id":"OpenTMS-Event35503934721","title":"I-70 Glenwood Canyon Bridge Joint Improvements-148506","type":"Bridge Construction","roads":"I-70E","chain_law":false,"closure":true,"pass_relevant":true,"observed":"2026-10-01T13:01:39.140Z","source":"planned"}},{"type":"Feature","geometry":{"type":"Point","coordinates":[-105.4523,39.743381]},"properties":{"id":"OpenTMS-Event35391018741","title":"I-70 Floyd Hill Project - WO 9/27-148018","type":"Road Construction","roads":"I-70W","chain_law":false,"closure":true,"pass_relevant":true,"observed":"2026-09-30T19:18:21.819Z","source":"planned"}},{"type":"Feature","geometry":{"type":"Point","coordinates":[-104.931545,39.803666]},"properties":{"id":"OpenTMS-Event35505639190","title":"Various intersection & median work – Vasquez Blvd between I-270 and 64th Ave-148687","type":"Road Construction","roads":"US-6E","chain_law":false,"closure":true,"pass_relevant":false,"observed":"2026-10-01T15:08:46.069Z","source":"planned"}},{"type":"Feature","geometry":{"type":"Point","coordinates":[-105.266408,40.870451]},"properties":{"id":"OpenTMS-Event35354123039","title":"US 287 Intersection Improvements-147696","type":"Road Construction","roads":"US-287N","chain_law":false,"closure":true,"pass_relevant":true,"observed":"2026-10-01T16:44:51.814Z","source":"planned"}},{"type":"Feature","geometry":{"type":"Point","coordinates":[-107.671626,38.029123]},"properties":{"id":"OpenTMS-Event35452736337","title":"Ouray Ped Improvements -148427","type":"Road Construction","roads":"US-550N","chain_law":false,"closure":true,"pass_relevant":false,"observed":"2026-09-28T21:41:54.189Z","source":"planned"}},{"type":"Feature","geometry":{"type":"Point","coordinates":[-106.304065,39.642991]},"properties":{"id":"OpenTMS-Event35488383120","title":"I-70 West Vail Pass – Lane & Shoulder Closures-148568","type":"Road Construction","roads":"I-70W","chain_law":false,"closure":true,"pass_relevant":true,"observed":"2026-09-30T17:45:50.593Z","source":"planned"}},{"type":"Feature","geometry":{"type":"Point","coordinates":[-104.999655,39.740217]},"properties":{"id":"OpenTMS-Event35450949186","title":"Colfax Downtown Rail Reconstruction -148407","type":"Road Construction","roads":"US-40W","chain_law":false,"closure":true,"pass_relevant":false,"observed":"2026-09-28T19:29:48.149Z","source":"planned"}},{"type":"Feature","geometry":{"type":"Point","coordinates":[-105.023457,39.58487]},"properties":{"id":"OpenTMS-Event35378970459","title":"Santa Fe Drive Mineral Ave Operational Improvements-147767","type":"IT or Fiber Optics","roads":"US-85S","chain_law":false,"closure":true,"pass_relevant":false,"observed":"2026-09-25T03:03:56.589Z","source":"planned"}},{"type":"Feature","geometry":{"type":"Point","coordinates":[-105.890703,39.681905]},"properties":{"id":"OpenTMS-Event35378902702","title":"R3 - I-70 Chain Station Technology & Communications Upgrades-148058","type":"Other","roads":"I-70W","chain_law":true,"closure":true,"pass_relevant":true,"observed":"2026-10-01T21:49:53.289Z","source":"planned"}},{"type":"Feature","geometry":{"type":"Point","coordinates":[-105.78426,39.917746]},"properties":{"id":"OpenTMS-Event35507025171","title":"Road Construction-148650","type":"Road Construction","roads":"US-40E","chain_law":false,"closure":true,"pass_relevant":false,"observed":"2026-10-01T16:45:03.441Z","source":"planned"}},{"type":"Feature","geometry":{"type":"Point","coordinates":[-107.163864,39.601883]},"properties":{"id":"OpenTMS-Event35477044434","title":"I-70 Glenwood Canyon Bridge Joint Improvements-148503","type":"Bridge Construction","roads":"I-70E","chain_law":false,"closure":true,"pass_relevant":true,"observed":"2026-09-30T03:43:06.972Z","source":"planned"}},{"type":"Feature","geometry":{"type":"Point","coordinates":[-105.091697,39.920704]},"properties":{"id":"OpenTMS-Event35357959123","title":"US 287 Improvements - Broomfield-147620","type":"Road Construction","roads":"US-287S","chain_law":false,"closure":false,"pass_relevant":false,"observed":"2026-09-24T01:02:46.160Z","source":"planned"}},{"type":"Feature","geometry":{"type":"Point","coordinates":[-105.091787,39.917616]},"properties":{"id":"OpenTMS-Event35474925539","title":"US 287 Improvements - Broomfield-148483","type":"Road Construction","roads":"CO-121S","chain_law":false,"closure":false,"pass_relevant":false,"observed":"2026-09-30T01:06:01.790Z","source":"planned"}},{"type":"Feature","geometry":{"type":"Point","coordinates":[-107.379649,40.506923]},"properties":{"id":"OpenTMS-Event35505153283","title":"US 40 Milner Resurfacing-147524","type":"Road Construction","roads":"US-40W","chain_law":false,"closure":false,"pass_relevant":false,"observed":"2026-10-01T14:32:40.400Z","source":"planned"}},{"type":"Feature","geometry":{"type":"Point","coordinates":[-104.999655,39.740217]},"properties":{"id":"OpenTMS-Event35450949283","title":"Colfax Downtown Rail Reconstruction -148411","type":"Road Construction","roads":"US-40W","chain_law":false,"closure":true,"pass_relevant":false,"observed":"2026-09-28T19:29:50.319Z","source":"planned"}},{"type":"Feature","geometry":{"type":"Point","coordinates":[-106.03763,39.643565]},"properties":{"id":"OpenTMS-Event35367607782","title":"I-70 Straight Creek Culvert Repairs-143339","type":"Road Construction","roads":"I-70W","chain_law":false,"closure":false,"pass_relevant":true,"observed":"2026-09-24T13:03:03.937Z","source":"planned"}},{"type":"Feature","geometry":{"type":"Point","coordinates":[-105.890703,39.681905]},"properties":{"id":"OpenTMS-Event35378902839","title":"R3 - I-70 Chain Station Technology & Communications Upgrades-148059","type":"Other","roads":"I-70W","chain_law":true,"closure":true,"pass_relevant":true,"observed":"2026-10-01T21:49:53.715Z","source":"planned"}},{"type":"Feature","geometry":{"type":"Point","coordinates":[-105.863778,39.701342]},"properties":{"id":"OpenTMS-Event35378908487","title":"R3 - I-70 Chain Station Technology & Communications Upgrades-148064","type":"Other","roads":"I-70W","chain_law":true,"closure":true,"pass_relevant":true,"observed":"2026-10-01T21:49:54.140Z","source":"planned"}},{"type":"Feature","geometry":{"type":"Point","coordinates":[-104.436877,39.026242]},"properties":{"id":"OpenTMS-Event35511309024","title":"New Project: 26310 - US 24 Resurfacing from Peyton to Calhan-148893","type":"Paving Operations","roads":"US-24W","chain_law":false,"closure":false,"pass_relevant":false,"observed":"2026-10-01T22:04:47.456Z","source":"planned"}},{"type":"Feature","geometry":{"type":"Point","coordinates":[-105.089582,39.784162]},"properties":{"id":"OpenTMS-Event35504557217","title":"I-70 Bridge Repairs at Kipling & Garrison-148668","type":"Bridge Repair","roads":"I-70W","chain_law":false,"closure":true,"pass_relevant":true,"observed":"2026-10-01T17:51:10.812Z","source":"planned"}},{"type":"Feature","geometry":{"type":"Point","coordinates":[-105.87528,39.995514]},"properties":{"id":"OpenTMS-Event35507027651","title":"Road Construction-148647","type":"Road Construction","roads":"US-40E","chain_law":false,"closure":false,"pass_relevant":false,"observed":"2026-10-01T16:45:05.178Z","source":"planned"}},{"type":"Feature","geometry":{"type":"Point","coordinates":[-104.931545,39.803666]},"properties":{"id":"OpenTMS-Event35369361666","title":"Various intersection & median work – Vasquez Blvd between I-270 and 64th Ave-147849","type":"Road Construction","roads":"US-6E","chain_law":false,"closure":true,"pass_relevant":false,"observed":"2026-09-24T15:14:44.351Z","source":"planned"}},{"type":"Feature","geometry":{"type":"Point","coordinates":[-104.980328,40.318422]},"properties":{"id":"OpenTMS-Event21634538916","title":"I-25 North Express Lanes Widening Segment 5-89185","type":"Road Construction","roads":"I-25S","chain_law":false,"closure":true,"pass_relevant":true,"observed":"2026-09-05T11:59:54.652Z","source":"planned"}},{"type":"Feature","geometry":{"type":"Point","coordinates":[-107.675511,38.017869]},"properties":{"id":"OpenTMS-Event35437765655","title":"Ouray Ped Improvements -148228","type":"Road Construction","roads":"US-550N","chain_law":false,"closure":true,"pass_relevant":false,"observed":"2026-09-28T21:41:50.068Z","source":"planned"}},{"type":"Feature","geometry":{"type":"Point","coordinates":[-105.810795,39.691922]},"properties":{"id":"OpenTMS-Event35511041593","title":"R3 - I-70 Chain Station Technology & Communications Upgrades-148867","type":"Other","roads":"I-70W","chain_law":true,"closure":true,"pass_relevant":true,"observed":"2026-10-01T21:49:51.626Z","source":"planned"}},{"type":"Feature","geometry":{"type":"Point","coordinates":[-107.036952,37.272958]},"properties":{"id":"OpenTMS-Event35387063505","title":"US 160 Pagosa Springs Reconstruction-147582","type":"Road Construction","roads":"US-160W","chain_law":false,"closure":false,"pass_relevant":false,"observed":"2026-09-25T13:04:28.852Z","source":"planned"}},{"type":"Feature","geometry":{"type":"Point","coordinates":[-107.675511,38.017869]},"properties":{"id":"OpenTMS-Event35465206656","title":"Ouray Ped Improvements -148230","type":"Road Construction","roads":"US-550N","chain_law":false,"closure":true,"pass_relevant":false,"observed":"2026-09-29T13:03:46.795Z","source":"planned"}},{"type":"Feature","geometry":{"type":"Point","coordinates":[-104.992706,39.680982]},"properties":{"id":"OpenTMS-Event35498324054","title":"US 85 & West Jewell Ave-147310","type":"Bridge Construction","roads":"US-85S","chain_law":false,"closure":false,"pass_relevant":false,"observed":"2026-10-01T06:05:28.850Z","source":"planned"}},{"type":"Feature","geometry":{"type":"Point","coordinates":[-104.999655,39.740217]},"properties":{"id":"OpenTMS-Event35478958811","title":"Colfax Downtown Rail Reconstruction -148279","type":"Road Construction","roads":"US-40W","chain_law":false,"closure":true,"pass_relevant":false,"observed":"2026-09-30T06:05:22.998Z","source":"planned"}},{"type":"Feature","geometry":{"type":"Point","coordinates":[-106.272835,39.05573]},"properties":{"id":"OpenTMS-Event35506956913","title":"Paving Operations-148725","type":"Paving Operations","roads":"US-24E","chain_law":false,"closure":false,"pass_relevant":false,"observed":"2026-10-01T16:39:53.868Z","source":"planned"}},{"type":"Feature","geometry":{"type":"Point","coordinates":[-106.10144,39.589255]},"properties":{"id":"OpenTMS-Event35361986546","title":"Frisco Exit 203-145569","type":"Bridge Construction","roads":"I-70E","chain_law":false,"closure":true,"pass_relevant":false,"observed":"2026-09-29T16:57:13.503Z","source":"planned"}},{"type":"Feature","geometry":{"type":"Point","coordinates":[-105.237708,39.985813]},"properties":{"id":"OpenTMS-Event35505919922","title":"Boulder Traffic Signals-148701","type":"Traffic Sign Maintenance","roads":"TABLE MESA DR","chain_law":false,"closure":false,"pass_relevant":false,"observed":"2026-10-01T15:29:47.350Z","source":"planned"}},{"type":"Feature","geometry":{"type":"Point","coordinates":[-105.498866,38.697503]},"properties":{"id":"OpenTMS-Event35429225719","title":"Sign Improvements in Park and Summit Counties-148168","type":"Sign Work","roads":"CO-9N","chain_law":false,"closure":false,"pass_relevant":false,"observed":"2026-09-27T16:54:18.918Z","source":"planned"}},{"type":"Feature","geometry":{"type":"Point","coordinates":[-106.272835,39.05573]},"properties":{"id":"OpenTMS-Event35506956982","title":"Paving Operations-148728","type":"Paving Operations","roads":"US-24E","chain_law":false,"closure":false,"pass_relevant":false,"observed":"2026-10-01T16:39:55.402Z","source":"planned"}},{"type":"Feature","geometry":{"type":"Point","coordinates":[-104.992706,39.680982]},"properties":{"id":"OpenTMS-Event35439942821","title":"US 85 & West Jewell Ave-147313","type":"Bridge Construction","roads":"US-85S","chain_law":false,"closure":false,"pass_relevant":false,"observed":"2026-09-28T06:04:59.319Z","source":"planned"}},{"type":"Feature","geometry":{"type":"Point","coordinates":[-105.089582,39.784162]},"properties":{"id":"OpenTMS-Event35408863713","title":"I-70 Bridge Repairs at Kipling & Garrison-148162","type":"Bridge Repair","roads":"I-70W","chain_law":false,"closure":true,"pass_relevant":true,"observed":"2026-10-01T13:17:40.089Z","source":"planned"}},{"type":"Feature","geometry":{"type":"Point","coordinates":[-105.492971,39.841981]},"properties":{"id":"OpenTMS-Event35367613479","title":"CO 46 Resurfacing-147772","type":"Sign Work","roads":"CO-119N","chain_law":false,"closure":false,"pass_relevant":false,"observed":"2026-09-24T13:03:37.266Z","source":"planned"}},{"type":"Feature","geometry":{"type":"Point","coordinates":[-104.699361,39.740231]},"properties":{"id":"OpenTMS-Event35478952084","title":"I-70 Aerotropolis Interchange-146699","type":"Bridge Construction","roads":"I-70W","chain_law":false,"closure":true,"pass_relevant":true,"observed":"2026-09-30T06:04:57.225Z","source":"planned"}},{"type":"Feature","geometry":{"type":"Point","coordinates":[-104.699361,39.740231]},"properties":{"id":"OpenTMS-Event35459547346","title":"I-70 Aerotropolis Interchange-146698","type":"Bridge Construction","roads":"I-70W","chain_law":false,"closure":true,"pass_relevant":true,"observed":"2026-09-29T06:05:26.117Z","source":"planned"}},{"type":"Feature","geometry":{"type":"Point","coordinates":[-107.19681,39.586486]},"properties":{"id":"OpenTMS-Event35477044690","title":"I-70 Glenwood Canyon Bridge Joint Improvements-148518","type":"Bridge Construction","roads":"I-70W","chain_law":false,"closure":true,"pass_relevant":true,"observed":"2026-09-30T03:43:08.275Z","source":"planned"}},{"type":"Feature","geometry":{"type":"Point","coordinates":[-104.699362,39.740098]},"properties":{"id":"OpenTMS-Event35381360459","title":"I-70 Aerotropolis Interchange-146663","type":"Bridge Construction","roads":"I-70E","chain_law":false,"closure":true,"pass_relevant":true,"observed":"2026-09-25T06:01:22.535Z","source":"planned"}},{"type":"Feature","geometry":{"type":"Point","coordinates":[-107.379649,40.506923]},"properties":{"id":"OpenTMS-Event35485785212","title":"US 40 Milner Resurfacing-147523","type":"Road Construction","roads":"US-40W","chain_law":false,"closure":false,"pass_relevant":false,"observed":"2026-09-30T14:32:14.777Z","source":"planned"}},{"type":"Feature","geometry":{"type":"Point","coordinates":[-105.810795,39.691922]},"properties":{"id":"OpenTMS-Event35511040470","title":"R3 - I-70 Chain Station Technology & Communications Upgrades-148864","type":"Other","roads":"I-70W","chain_law":true,"closure":true,"pass_relevant":true,"observed":"2026-10-01T21:49:55.381Z","source":"planned"}},{"type":"Feature","geometry":{"type":"Point","coordinates":[-108.459049,39.102628]},"properties":{"id":"OpenTMS-Event35507090988","title":"Paving Operations-148501","type":"Paving Operations","roads":"I-70E","chain_law":false,"closure":true,"pass_relevant":true,"observed":"2026-10-01T16:49:46.732Z","source":"planned"}},{"type":"Feature","geometry":{"type":"Point","coordinates":[-104.868365,39.537249]},"properties":{"id":"OpenTMS-Event33454131138","title":"I-25 Lone Tree Mobility Hub -136991","type":"Other","roads":"I-25N","chain_law":false,"closure":true,"pass_relevant":false,"observed":"2026-09-30T22:30:11.679Z","source":"planned"}},{"type":"Feature","geometry":{"type":"Point","coordinates":[-105.149738,39.617988]},"properties":{"id":"OpenTMS-Event35368822537","title":"C-470 & Bowles Ave Interchange Improvements-147736","type":"Road Construction","roads":"CO-470W","chain_law":false,"closure":true,"pass_relevant":false,"observed":"2026-10-01T18:10:49.095Z","source":"planned"}},{"type":"Feature","geometry":{"type":"Point","coordinates":[-104.436877,39.026242]},"properties":{"id":"OpenTMS-Event35379109118","title":"New Project: 26310 - US 24 Resurfacing from Peyton to Calhan-148084","type":"Paving Operations","roads":"US-24E","chain_law":false,"closure":true,"pass_relevant":false,"observed":"2026-10-01T22:04:42.700Z","source":"planned"}},{"type":"Feature","geometry":{"type":"Point","coordinates":[-105.16587,39.734865]},"properties":{"id":"OpenTMS-Event35348237977","title":"I-70 Resurfacing - Chief Hosa to Colfax-147495","type":"IT or Fiber Optics","roads":"I-70W","chain_law":false,"closure":true,"pass_relevant":true,"observed":"2026-09-23T13:01:54.425Z","source":"planned"}},{"type":"Feature","geometry":{"type":"Point","coordinates":[-105.293969,39.742238]},"properties":{"id":"OpenTMS-Event35367205041","title":"Work Element Highway US 6-147813","type":"Road Construction","roads":"US-6E","chain_law":false,"closure":true,"pass_relevant":false,"observed":"2026-09-24T12:32:59.008Z","source":"planned"}},{"type":"Feature","geometry":{"type":"Point","coordinates":[-105.090584,39.9207]},"properties":{"id":"OpenTMS-Event35470533093","title":"US 287 Improvements - Broomfield-148467","type":"Road Construction","roads":"US-287N","chain_law":false,"closure":false,"pass_relevant":false,"observed":"2026-09-29T19:39:19.117Z","source":"planned"}},{"type":"Feature","geometry":{"type":"Point","coordinates":[-105.814052,39.024297]},"properties":{"id":"OpenTMS-Event35429225604","title":"Sign Improvements in Park and Summit Counties-148175","type":"Sign Work","roads":"CO-9N","chain_law":false,"closure":false,"pass_relevant":false,"observed":"2026-09-27T16:54:15.800Z","source":"planned"}},{"type":"Feature","geometry":{"type":"Point","coordinates":[-107.674054,38.030423]},"properties":{"id":"OpenTMS-Event35437765685","title":"Ouray Ped Improvements -148243","type":"Road Construction","roads":"US-550S","chain_law":false,"closure":true,"pass_relevant":false,"observed":"2026-09-28T21:41:51.152Z","source":"planned"}},{"type":"Feature","geometry":{"type":"Point","coordinates":[-105.49159,39.842729]},"properties":{"id":"OpenTMS-Event35467403246","title":"CO 46 Resurfacing-148455","type":"Sign Work","roads":"CO-46W","chain_law":false,"closure":false,"pass_relevant":false,"observed":"2026-09-29T15:46:46.644Z","source":"planned"}},{"type":"Feature","geometry":{"type":"Point","coordinates":[-107.19681,39.586486]},"properties":{"id":"OpenTMS-Event35477044654","title":"I-70 Glenwood Canyon Bridge Joint Improvements-148516","type":"Bridge Construction","roads":"I-70W","chain_law":false,"closure":true,"pass_relevant":true,"observed":"2026-09-30T03:43:07.398Z","source":"planned"}},{"type":"Feature","geometry":{"type":"Point","coordinates":[-104.436877,39.026242]},"properties":{"id":"OpenTMS-Event35511308894","title":"New Project: 26310 - US 24 Resurfacing from Peyton to Calhan-148885","type":"Paving Operations","roads":"US-24E","chain_law":false,"closure":false,"pass_relevant":false,"observed":"2026-10-01T22:04:44.650Z","source":"planned"}},{"type":"Feature","geometry":{"type":"Point","coordinates":[-105.696559,39.716723]},"properties":{"id":"OpenTMS-Event35511044591","title":"R3 - I-70 Chain Station Technology & Communications Upgrades-148869","type":"Other","roads":"I-70W","chain_law":true,"closure":true,"pass_relevant":true,"observed":"2026-10-01T21:49:52.045Z","source":"planned"}},{"type":"Feature","geometry":{"type":"Point","coordinates":[-105.028843,39.573336]},"properties":{"id":"OpenTMS-Event35439949518","title":"Santa Fe Drive Mineral Ave Operational Improvements-145441","type":"Other","roads":"US-85S","chain_law":false,"closure":true,"pass_relevant":false,"observed":"2026-09-28T06:05:11.992Z","source":"planned"}},{"type":"Feature","geometry":{"type":"Point","coordinates":[-108.566108,39.066353]},"properties":{"id":"OpenTMS-Event35509265116","title":"I-70B East of Third Street Reconstruction-148789","type":"Road Construction","roads":"4TH ST","chain_law":false,"closure":false,"pass_relevant":false,"observed":"2026-10-01T19:32:14.733Z","source":"planned"}},{"type":"Feature","geometry":{"type":"Point","coordinates":[-105.090584,39.9207]},"properties":{"id":"OpenTMS-Event35470533043","title":"US 287 Improvements - Broomfield-148465","type":"Road Construction","roads":"US-287N","chain_law":false,"closure":false,"pass_relevant":false,"observed":"2026-09-29T19:39:18.037Z","source":"planned"}},{"type":"Feature","geometry":{"type":"Point","coordinates":[-105.002826,39.74016]},"properties":{"id":"OpenTMS-Event35466851577","title":"Colfax Downtown Rail Reconstruction - 7th & 9th-148330","type":"Road Construction","roads":"US-40W","chain_law":false,"closure":false,"pass_relevant":false,"observed":"2026-09-29T15:05:54.208Z","source":"planned"}},{"type":"Feature","geometry":{"type":"Point","coordinates":[-105.492971,39.841981]},"properties":{"id":"OpenTMS-Event35356725491","title":"CO 46 Resurfacing-147776","type":"Sign Work","roads":"CO-119S","chain_law":false,"closure":false,"pass_relevant":false,"observed":"2026-09-23T23:31:15.361Z","source":"planned"}},{"type":"Feature","geometry":{"type":"Point","coordinates":[-105.854351,39.701885]},"properties":{"id":"OpenTMS-Event35511777114","title":"Crack Seal -148897","type":"Crack Sealing","roads":"I-70W","chain_law":false,"closure":true,"pass_relevant":false,"observed":"2026-10-01T22:39:51.522Z","source":"planned"}},{"type":"Feature","geometry":{"type":"Point","coordinates":[-105.612759,38.26572]},"properties":{"id":"OpenTMS-Event35503941006","title":"CO 69 Resurfacing Hillside to Texas Creek-148541","type":"Paving Operations","roads":"CO-69N","chain_law":false,"closure":false,"pass_relevant":false,"observed":"2026-10-01T13:01:48.101Z","source":"planned"}},{"type":"Feature","geometry":{"type":"Point","coordinates":[-103.668529,39.264796]},"properties":{"id":"OpenTMS-Event34844700254","title":"25058  I-70 Rural Bridge Rehabilitation from Limon to Flagler-145287","type":"Bridge Repair","roads":"I-70E","chain_law":false,"closure":true,"pass_relevant":true,"observed":"2026-08-28T16:19:42.233Z","source":"planned"}},{"type":"Feature","geometry":{"type":"Point","coordinates":[-106.272835,39.05573]},"properties":{"id":"OpenTMS-Event35390815907","title":"Paving Operations-147965","type":"Paving Operations","roads":"US-24E","chain_law":false,"closure":false,"pass_relevant":false,"observed":"2026-09-25T17:43:18.612Z","source":"planned"}},{"type":"Feature","geometry":{"type":"Point","coordinates":[-106.304065,39.642991]},"properties":{"id":"OpenTMS-Event35488383163","title":"I-70 West Vail Pass – Lane & Shoulder Closures-148570","type":"Road Construction","roads":"I-70W","chain_law":false,"closure":true,"pass_relevant":true,"observed":"2026-09-30T17:45:52.995Z","source":"planned"}},{"type":"Feature","geometry":{"type":"Point","coordinates":[-105.091697,39.920704]},"properties":{"id":"OpenTMS-Event35470533073","title":"US 287 Improvements - Broomfield-148471","type":"Road Construction","roads":"US-287S","chain_law":false,"closure":false,"pass_relevant":false,"observed":"2026-09-29T19:39:18.656Z","source":"planned"}},{"type":"Feature","geometry":{"type":"Point","coordinates":[-107.945126,39.495097]},"properties":{"id":"OpenTMS-Event35488939676","title":"Seeding-148552","type":"Other","roads":"I-70E","chain_law":false,"closure":true,"pass_relevant":false,"observed":"2026-09-30T18:27:35.376Z","source":"planned"}},{"type":"Feature","geometry":{"type":"Point","coordinates":[-104.970632,38.906237]},"properties":{"id":"OpenTMS-Event35289748105","title":"Sidewalk/Trail Install -146975","type":"Road Construction","roads":"US-24E","chain_law":false,"closure":true,"pass_relevant":false,"observed":"2026-09-20T13:05:11.658Z","source":"planned"}},{"type":"Feature","geometry":{"type":"Point","coordinates":[-103.883853,37.720799]},"properties":{"id":"OpenTMS-Event35504691906","title":"US 350 Resurfacing Otero County-148678","type":"Paving Operations","roads":"US-350E","chain_law":false,"closure":false,"pass_relevant":false,"observed":"2026-10-01T13:57:52.628Z","source":"planned"}},{"type":"Feature","geometry":{"type":"Point","coordinates":[-103.268901,40.544571]},"properties":{"id":"OpenTMS-Event35506890145","title":"US 6 Resurfacing Between Sterling and Atwood-148722","type":"Paving Operations","roads":"US-6E","chain_law":false,"closure":true,"pass_relevant":false,"observed":"2026-10-01T16:34:46.204Z","source":"planned"}},{"type":"Feature","geometry":{"type":"Point","coordinates":[-105.304221,39.712512]},"properties":{"id":"OpenTMS-Event35467193612","title":"I-70 Resurfacing - Chief Hosa to Colfax-148428","type":"IT or Fiber Optics","roads":"I-70E","chain_law":false,"closure":true,"pass_relevant":true,"observed":"2026-09-29T15:31:08.182Z","source":"planned"}},{"type":"Feature","geometry":{"type":"Point","coordinates":[-105.002826,39.74016]},"properties":{"id":"OpenTMS-Event35450949302","title":"Colfax Downtown Rail Reconstruction - 7th & 9th-148328","type":"Road Construction","roads":"US-40W","chain_law":false,"closure":false,"pass_relevant":false,"observed":"2026-09-28T19:29:50.922Z","source":"planned"}},{"type":"Feature","geometry":{"type":"Point","coordinates":[-105.16587,39.734865]},"properties":{"id":"OpenTMS-Event35467194347","title":"I-70 Resurfacing - Chief Hosa to Colfax-148434","type":"IT or Fiber Optics","roads":"I-70W","chain_law":false,"closure":true,"pass_relevant":true,"observed":"2026-09-29T15:31:09.715Z","source":"planned"}},{"type":"Feature","geometry":{"type":"Point","coordinates":[-105.87528,39.995514]},"properties":{"id":"OpenTMS-Event35387009169","title":"Paving Operations-148024","type":"Paving Operations","roads":"US-40E","chain_law":false,"closure":false,"pass_relevant":false,"observed":"2026-09-30T23:16:37.691Z","source":"planned"}},{"type":"Feature","geometry":{"type":"Point","coordinates":[-104.436877,39.026242]},"properties":{"id":"OpenTMS-Event35511308942","title":"New Project: 26310 - US 24 Resurfacing from Peyton to Calhan-148888","type":"Paving Operations","roads":"US-24E","chain_law":false,"closure":false,"pass_relevant":false,"observed":"2026-10-01T22:04:45.681Z","source":"planned"}},{"type":"Feature","geometry":{"type":"Point","coordinates":[-105.251807,39.665881]},"properties":{"id":"OpenTMS-Event35374812923","title":"CO 74 Resurfacing-147995","type":"Guardrail","roads":"CO-74E","chain_law":false,"closure":false,"pass_relevant":false,"observed":"2026-09-29T22:03:28.004Z","source":"planned"}},{"type":"Feature","geometry":{"type":"Point","coordinates":[-104.999655,39.740217]},"properties":{"id":"OpenTMS-Event35450732361","title":"Colfax Downtown Rail Reconstruction -148277","type":"Road Construction","roads":"US-40W","chain_law":false,"closure":true,"pass_relevant":false,"observed":"2026-09-28T19:29:46.494Z","source":"planned"}},{"type":"Feature","geometry":{"type":"Point","coordinates":[-105.091558,39.917547]},"properties":{"id":"OpenTMS-Event35377395657","title":"US 287 Improvements - Broomfield-147641","type":"Road Construction","roads":"CO-121N","chain_law":false,"closure":false,"pass_relevant":false,"observed":"2026-09-25T01:06:43.466Z","source":"planned"}},{"type":"Feature","geometry":{"type":"Point","coordinates":[-105.244754,40.022897]},"properties":{"id":"OpenTMS-Event35394829646","title":"CO 157 Pavement Rehabilitation -148153","type":"Striping Operations","roads":"CO-157N","chain_law":false,"closure":true,"pass_relevant":false,"observed":"2026-09-25T22:46:27.075Z","source":"planned"}},{"type":"Feature","geometry":{"type":"Point","coordinates":[-104.868625,39.537248]},"properties":{"id":"OpenTMS-Event33454131114","title":"I-25 Lone Tree Mobility Hub -137023","type":"Other","roads":"I-25S","chain_law":false,"closure":false,"pass_relevant":false,"observed":"2026-09-30T22:30:10.183Z","source":"planned"}},{"type":"Feature","geometry":{"type":"Point","coordinates":[-105.293969,39.742238]},"properties":{"id":"OpenTMS-Event35488383334","title":"Work Element Highway US 6-148577","type":"Road Construction","roads":"US-6E","chain_law":false,"closure":false,"pass_relevant":false,"observed":"2026-09-30T17:45:58.334Z","source":"planned"}},{"type":"Feature","geometry":{"type":"Point","coordinates":[-105.149963,39.617606]},"properties":{"id":"OpenTMS-Event35508114240","title":"C-470 & Bowles Ave Interchange Improvements-148768","type":"Road Construction","roads":"CO-470E","chain_law":false,"closure":true,"pass_relevant":false,"observed":"2026-10-01T18:10:51.882Z","source":"planned"}},{"type":"Feature","geometry":{"type":"Point","coordinates":[-107.674054,38.030423]},"properties":{"id":"OpenTMS-Event35437765700","title":"Ouray Ped Improvements -148244","type":"Road Construction","roads":"US-550S","chain_law":false,"closure":true,"pass_relevant":false,"observed":"2026-09-28T21:41:51.503Z","source":"planned"}},{"type":"Feature","geometry":{"type":"Point","coordinates":[-104.873485,38.360558]},"properties":{"id":"OpenTMS-Event35507024503","title":"Road Construction-148627","type":"Road Construction","roads":"US-50E","chain_law":false,"closure":true,"pass_relevant":false,"observed":"2026-10-01T16:45:00.999Z","source":"planned"}},{"type":"Feature","geometry":{"type":"Point","coordinates":[-105.16587,39.734865]},"properties":{"id":"OpenTMS-Event35467194236","title":"I-70 Resurfacing - Chief Hosa to Colfax-148433","type":"IT or Fiber Optics","roads":"I-70W","chain_law":false,"closure":true,"pass_relevant":true,"observed":"2026-09-29T15:31:09.011Z","source":"planned"}},{"type":"Feature","geometry":{"type":"Point","coordinates":[-106.272835,39.05573]},"properties":{"id":"OpenTMS-Event35506956967","title":"Paving Operations-148723","type":"Paving Operations","roads":"US-24E","chain_law":false,"closure":false,"pass_relevant":false,"observed":"2026-10-01T16:39:55.026Z","source":"planned"}},{"type":"Feature","geometry":{"type":"Point","coordinates":[-105.028843,39.573336]},"properties":{"id":"OpenTMS-Event35400793153","title":"Santa Fe Drive Mineral Ave Operational Improvements-145439","type":"Other","roads":"US-85S","chain_law":false,"closure":true,"pass_relevant":false,"observed":"2026-09-26T06:01:59.698Z","source":"planned"}},{"type":"Feature","geometry":{"type":"Point","coordinates":[-104.868293,39.536212]},"properties":{"id":"OpenTMS-Event34693816552","title":"I-25 Lone Tree Mobility Hub -144044","type":"Other","roads":"I-25N","chain_law":false,"closure":false,"pass_relevant":false,"observed":"2026-09-30T22:30:13.280Z","source":"planned"}},{"type":"Feature","geometry":{"type":"Point","coordinates":[-105.814052,39.024297]},"properties":{"id":"OpenTMS-Event35429225584","title":"Sign Improvements in Park and Summit Counties-148174","type":"Sign Work","roads":"CO-9N","chain_law":false,"closure":false,"pass_relevant":false,"observed":"2026-09-27T16:54:15.325Z","source":"planned"}},{"type":"Feature","geometry":{"type":"Point","coordinates":[-104.849425,39.740091]},"properties":{"id":"OpenTMS-Event35510095875","title":"East Colfax Peoria Station-148810","type":"Road Construction","roads":"US-40E","chain_law":false,"closure":true,"pass_relevant":false,"observed":"2026-10-01T20:34:10.711Z","source":"planned"}},{"type":"Feature","geometry":{"type":"Point","coordinates":[-103.544498,38.85065]},"properties":{"id":"OpenTMS-Event35386872985","title":"Paving Operations-147677","type":"Paving Operations","roads":"CO-94E","chain_law":false,"closure":false,"pass_relevant":false,"observed":"2026-09-25T12:50:06.110Z","source":"planned"}},{"type":"Feature","geometry":{"type":"Point","coordinates":[-104.436877,39.026242]},"properties":{"id":"OpenTMS-Event35511308993","title":"New Project: 26310 - US 24 Resurfacing from Peyton to Calhan-148891","type":"Paving Operations","roads":"US-24W","chain_law":false,"closure":false,"pass_relevant":false,"observed":"2026-10-01T22:04:46.737Z","source":"planned"}},{"type":"Feature","geometry":{"type":"Point","coordinates":[-105.696342,39.716704]},"properties":{"id":"OpenTMS-Event35378909210","title":"R3 - I-70 Chain Station Technology & Communications Upgrades-148074","type":"Other","roads":"I-70E","chain_law":true,"closure":true,"pass_relevant":true,"observed":"2026-10-01T21:49:50.283Z","source":"planned"}},{"type":"Feature","geometry":{"type":"Point","coordinates":[-103.800715,40.305171]},"properties":{"id":"OpenTMS-Event35508114464","title":"CO 52 Resurfacing-148761","type":"Paving Operations","roads":"CO-52E","chain_law":false,"closure":false,"pass_relevant":false,"observed":"2026-10-01T18:06:24.155Z","source":"planned"}},{"type":"Feature","geometry":{"type":"Point","coordinates":[-105.081479,39.761964]},"properties":{"id":"OpenTMS-Event35505572701","title":"Wadsworth Path construction – Wadsworth between 32nd and 35th-148684","type":"Road Construction","roads":"CO-121S","chain_law":false,"closure":true,"pass_relevant":false,"observed":"2026-10-01T15:03:45.789Z","source":"planned"}},{"type":"Feature","geometry":{"type":"Point","coordinates":[-104.873485,38.360558]},"properties":{"id":"OpenTMS-Event35386941047","title":"Road Construction-147684","type":"Road Construction","roads":"US-50E","chain_law":false,"closure":true,"pass_relevant":false,"observed":"2026-09-25T12:55:10.310Z","source":"planned"}},{"type":"Feature","geometry":{"type":"Point","coordinates":[-103.544498,38.85065]},"properties":{"id":"OpenTMS-Event35507024435","title":"Paving Operations-148623","type":"Paving Operations","roads":"CO-94E","chain_law":false,"closure":false,"pass_relevant":false,"observed":"2026-10-01T16:44:59.479Z","source":"planned"}},{"type":"Feature","geometry":{"type":"Point","coordinates":[-105.251807,39.665881]},"properties":{"id":"OpenTMS-Event35509612821","title":"CO 74 Resurfacing-148794","type":"Guardrail","roads":"CO-74E","chain_law":false,"closure":false,"pass_relevant":false,"observed":"2026-10-01T19:58:23.474Z","source":"planned"}},{"type":"Feature","geometry":{"type":"Point","coordinates":[-106.001869,39.224651]},"properties":{"id":"OpenTMS-Event35392857345","title":"Fairplay Mobility Hub-148135","type":"Road Construction","roads":"CO-9N","chain_law":false,"closure":true,"pass_relevant":false,"observed":"2026-10-01T18:10:55.780Z","source":"planned"}},{"type":"Feature","geometry":{"type":"Point","coordinates":[-105.172376,40.758847]},"properties":{"id":"OpenTMS-Event35211586882","title":"US 287 Intersection Improvements-144825","type":"Road Construction","roads":"US-287N","chain_law":false,"closure":true,"pass_relevant":false,"observed":"2026-10-01T16:44:53.218Z","source":"planned"}},{"type":"Feature","geometry":{"type":"Point","coordinates":[-105.149738,39.617988]},"properties":{"id":"OpenTMS-Event35508174239","title":"C-470 & Bowles Ave Interchange Improvements-148779","type":"Road Construction","roads":"CO-470W","chain_law":false,"closure":true,"pass_relevant":false,"observed":"2026-10-01T18:10:54.182Z","source":"planned"}},{"type":"Feature","geometry":{"type":"Point","coordinates":[-105.460524,39.74629]},"properties":{"id":"OpenTMS-Event35495067364","title":"I-70 Floyd Hill Project - WO 9/27-148643","type":"Road Construction","roads":"I-70E","chain_law":false,"closure":true,"pass_relevant":true,"observed":"2026-10-01T02:03:49.116Z","source":"planned"}},{"type":"Feature","geometry":{"type":"Point","coordinates":[-105.109639,39.784137]},"properties":{"id":"OpenTMS-Event35369556560","title":"I-70 Bridge Repairs at Kipling & Garrison-147825","type":"Bridge Repair","roads":"I-70E","chain_law":false,"closure":true,"pass_relevant":true,"observed":"2026-10-01T17:51:07.475Z","source":"planned"}},{"type":"Feature","geometry":{"type":"Point","coordinates":[-105.398244,39.816103]},"properties":{"id":"OpenTMS-Event35356867793","title":"CO 46 Resurfacing-147791","type":"Sign Work","roads":"CO-46E","chain_law":false,"closure":false,"pass_relevant":false,"observed":"2026-09-23T23:42:02.426Z","source":"planned"}},{"type":"Feature","geometry":{"type":"Point","coordinates":[-105.367538,39.713407]},"properties":{"id":"OpenTMS-Event35378909303","title":"R3 - I-70 Chain Station Technology & Communications Upgrades-148079","type":"Other","roads":"I-70W","chain_law":true,"closure":true,"pass_relevant":true,"observed":"2026-10-01T21:49:54.964Z","source":"planned"}},{"type":"Feature","geometry":{"type":"Point","coordinates":[-105.149963,39.617606]},"properties":{"id":"OpenTMS-Event35508114394","title":"C-470 & Bowles Ave Interchange Improvements-148772","type":"Road Construction","roads":"CO-470E","chain_law":false,"closure":true,"pass_relevant":false,"observed":"2026-10-01T18:10:53.457Z","source":"planned"}},{"type":"Feature","geometry":{"type":"Point","coordinates":[-105.091697,39.920704]},"properties":{"id":"OpenTMS-Event35474925469","title":"US 287 Improvements - Broomfield-148473","type":"Road Construction","roads":"US-287S","chain_law":false,"closure":false,"pass_relevant":false,"observed":"2026-09-30T01:06:00.782Z","source":"planned"}},{"type":"Feature","geometry":{"type":"Point","coordinates":[-106.304188,39.642831]},"properties":{"id":"OpenTMS-Event35389872793","title":"I-70 West Vail Pass – Lane & Shoulder Closures-148091","type":"Road Construction","roads":"I-70E","chain_law":false,"closure":true,"pass_relevant":true,"observed":"2026-09-25T16:48:44.258Z","source":"planned"}},{"type":"Feature","geometry":{"type":"Point","coordinates":[-108.544317,39.115245]},"properties":{"id":"OpenTMS-Event35507090971","title":"Paving Operations-148499","type":"Paving Operations","roads":"I-70E","chain_law":false,"closure":true,"pass_relevant":false,"observed":"2026-10-01T16:49:46.256Z","source":"planned"}},{"type":"Feature","geometry":{"type":"Point","coordinates":[-104.436877,39.026242]},"properties":{"id":"OpenTMS-Event35511308910","title":"New Project: 26310 - US 24 Resurfacing from Peyton to Calhan-148886","type":"Paving Operations","roads":"US-24E","chain_law":false,"closure":false,"pass_relevant":false,"observed":"2026-10-01T22:04:44.992Z","source":"planned"}},{"type":"Feature","geometry":{"type":"Point","coordinates":[-105.091558,39.917547]},"properties":{"id":"OpenTMS-Event35470600218","title":"US 287 Improvements - Broomfield-148477","type":"Road Construction","roads":"CO-121N","chain_law":false,"closure":false,"pass_relevant":false,"observed":"2026-09-29T19:44:26.936Z","source":"planned"}},{"type":"Feature","geometry":{"type":"Point","coordinates":[-105.398244,39.816103]},"properties":{"id":"OpenTMS-Event35484618089","title":"CO 46 Resurfacing-148446","type":"Paving Operations","roads":"CO-46E","chain_law":false,"closure":false,"pass_relevant":false,"observed":"2026-09-30T13:05:39.904Z","source":"planned"}},{"type":"Feature","geometry":{"type":"Point","coordinates":[-105.398244,39.816103]},"properties":{"id":"OpenTMS-Event35467342736","title":"CO 46 Resurfacing-148450","type":"Paving Operations","roads":"CO-46W","chain_law":false,"closure":false,"pass_relevant":false,"observed":"2026-09-29T15:42:11.737Z","source":"planned"}},{"type":"Feature","geometry":{"type":"Point","coordinates":[-104.999655,39.740217]},"properties":{"id":"OpenTMS-Event35450949206","title":"Colfax Downtown Rail Reconstruction -148408","type":"Road Construction","roads":"US-40W","chain_law":false,"closure":true,"pass_relevant":false,"observed":"2026-09-28T19:29:48.649Z","source":"planned"}},{"type":"Feature","geometry":{"type":"Point","coordinates":[-105.091558,39.917547]},"properties":{"id":"OpenTMS-Event35357954092","title":"US 287 Improvements - Broomfield-147640","type":"Road Construction","roads":"CO-121N","chain_law":false,"closure":false,"pass_relevant":false,"observed":"2026-09-24T01:02:40.300Z","source":"planned"}},{"type":"Feature","geometry":{"type":"Point","coordinates":[-104.801559,39.769223]},"properties":{"id":"OpenTMS-Event35493299100","title":"i-70 Pavement Repairs Chambers to E-470-148664","type":"Road Construction","roads":"I-70E","chain_law":false,"closure":true,"pass_relevant":true,"observed":"2026-09-30T23:52:09.978Z","source":"planned"}},{"type":"Feature","geometry":{"type":"Point","coordinates":[-107.945126,39.495097]},"properties":{"id":"OpenTMS-Event35488939693","title":"Seeding-148553","type":"Other","roads":"I-70E","chain_law":false,"closure":true,"pass_relevant":false,"observed":"2026-09-30T18:27:36.227Z","source":"planned"}},{"type":"Feature","geometry":{"type":"Point","coordinates":[-104.984017,38.251502]},"properties":{"id":"OpenTMS-Event35510618674","title":"Timber Bridge Rehabilitation -148848","type":"Road Construction","roads":"CO-96E","chain_law":false,"closure":false,"pass_relevant":false,"observed":"2026-10-01T21:19:16.666Z","source":"planned"}},{"type":"Feature","geometry":{"type":"Point","coordinates":[-105.112731,39.784326]},"properties":{"id":"OpenTMS-Event35369557013","title":"I-70 Bridge Repairs at Kipling & Garrison-147832","type":"Bridge Repair","roads":"I-70W","chain_law":false,"closure":false,"pass_relevant":true,"observed":"2026-10-01T17:51:08.617Z","source":"planned"}},{"type":"Feature","geometry":{"type":"Point","coordinates":[-105.251807,39.665881]},"properties":{"id":"OpenTMS-Event35374813705","title":"CO 74 Resurfacing-147996","type":"Guardrail","roads":"CO-74E","chain_law":false,"closure":false,"pass_relevant":false,"observed":"2026-09-29T22:03:28.549Z","source":"planned"}},{"type":"Feature","geometry":{"type":"Point","coordinates":[-104.904776,39.629577]},"properties":{"id":"OpenTMS-Event35509331823","title":"I-225 Bottleneck Mitigation -148792","type":"Road Construction","roads":"I-25N","chain_law":false,"closure":true,"pass_relevant":false,"observed":"2026-10-01T19:37:11.469Z","source":"planned"}},{"type":"Feature","geometry":{"type":"Point","coordinates":[-106.215837,39.532731]},"properties":{"id":"OpenTMS-Event35390081169","title":"Eastbound I-70 Exit Ramp Closure-148102","type":"Paving Operations","roads":"I-70E","chain_law":false,"closure":true,"pass_relevant":true,"observed":"2026-09-25T16:48:53.328Z","source":"planned"}},{"type":"Feature","geometry":{"type":"Point","coordinates":[-108.544317,39.115245]},"properties":{"id":"OpenTMS-Event35386940862","title":"Paving Operations-147661","type":"Paving Operations","roads":"I-70E","chain_law":false,"closure":true,"pass_relevant":false,"observed":"2026-09-30T21:39:50.771Z","source":"planned"}},{"type":"Feature","geometry":{"type":"Point","coordinates":[-103.883853,37.720799]},"properties":{"id":"OpenTMS-Event35504691953","title":"US 350 Resurfacing Otero County-148680","type":"Paving Operations","roads":"US-350E","chain_law":false,"closure":false,"pass_relevant":false,"observed":"2026-10-01T13:57:53.554Z","source":"planned"}},{"type":"Feature","geometry":{"type":"Point","coordinates":[-106.028635,38.521918]},"properties":{"id":"OpenTMS-Event34469746169","title":"City of Salida US 50 Sewer Infrastructure Improvement Project-140473","type":"Utility Installation","roads":"US-50E","chain_law":false,"closure":false,"pass_relevant":false,"observed":"2026-08-09T12:04:25.996Z","source":"planned"}},{"type":"Feature","geometry":{"type":"Point","coordinates":[-105.49159,39.842729]},"properties":{"id":"OpenTMS-Event35467403276","title":"CO 46 Resurfacing-148459","type":"Sign Work","roads":"CO-46E","chain_law":false,"closure":false,"pass_relevant":false,"observed":"2026-09-29T15:46:47.570Z","source":"planned"}},{"type":"Feature","geometry":{"type":"Point","coordinates":[-106.304065,39.642991]},"properties":{"id":"OpenTMS-Event35488383029","title":"I-70 West Vail Pass – Lane & Shoulder Closures-148567","type":"Road Construction","roads":"I-70W","chain_law":false,"closure":true,"pass_relevant":true,"observed":"2026-09-30T17:45:49.135Z","source":"planned"}},{"type":"Feature","geometry":{"type":"Point","coordinates":[-105.49159,39.842729]},"properties":{"id":"OpenTMS-Event35467403231","title":"CO 46 Resurfacing-148454","type":"Sign Work","roads":"CO-46W","chain_law":false,"closure":false,"pass_relevant":false,"observed":"2026-09-29T15:46:46.086Z","source":"planned"}},{"type":"Feature","geometry":{"type":"Point","coordinates":[-105.251807,39.665881]},"properties":{"id":"OpenTMS-Event35509612853","title":"CO 74 Resurfacing-148796","type":"Guardrail","roads":"CO-74E","chain_law":false,"closure":false,"pass_relevant":false,"observed":"2026-10-01T19:58:24.598Z","source":"planned"}},{"type":"Feature","geometry":{"type":"Point","coordinates":[-105.492971,39.841981]},"properties":{"id":"OpenTMS-Event35356725400","title":"CO 46 Resurfacing-147771","type":"Sign Work","roads":"CO-119N","chain_law":false,"closure":false,"pass_relevant":false,"observed":"2026-09-23T23:31:14.241Z","source":"planned"}},{"type":"Feature","geometry":{"type":"Point","coordinates":[-103.544498,38.85065]},"properties":{"id":"OpenTMS-Event35507024373","title":"Paving Operations-148619","type":"Paving Operations","roads":"CO-94E","chain_law":false,"closure":false,"pass_relevant":false,"observed":"2026-10-01T16:44:58.208Z","source":"planned"}},{"type":"Feature","geometry":{"type":"Point","coordinates":[-105.492971,39.841981]},"properties":{"id":"OpenTMS-Event35367613464","title":"CO 46 Resurfacing-147777","type":"Sign Work","roads":"CO-119S","chain_law":false,"closure":false,"pass_relevant":false,"observed":"2026-09-24T13:03:36.655Z","source":"planned"}},{"type":"Feature","geometry":{"type":"Point","coordinates":[-105.090584,39.9207]},"properties":{"id":"OpenTMS-Event35377395771","title":"US 287 Improvements - Broomfield-147631","type":"Road Construction","roads":"US-287N","chain_law":false,"closure":false,"pass_relevant":false,"observed":"2026-09-25T01:06:48.430Z","source":"planned"}},{"type":"Feature","geometry":{"type":"Point","coordinates":[-105.612759,38.26572]},"properties":{"id":"OpenTMS-Event35367613345","title":"CO 69 Resurfacing Hillside to Texas Creek-147673","type":"Paving Operations","roads":"CO-69N","chain_law":false,"closure":false,"pass_relevant":false,"observed":"2026-09-30T15:23:15.840Z","source":"planned"}},{"type":"Feature","geometry":{"type":"Point","coordinates":[-104.699362,39.740098]},"properties":{"id":"OpenTMS-Event35400786193","title":"I-70 Aerotropolis Interchange-146664","type":"Bridge Construction","roads":"I-70E","chain_law":false,"closure":true,"pass_relevant":true,"observed":"2026-09-26T06:01:27.608Z","source":"planned"}},{"type":"Feature","geometry":{"type":"Point","coordinates":[-108.544317,39.115245]},"properties":{"id":"OpenTMS-Event35507091022","title":"Paving Operations-148496","type":"Paving Operations","roads":"I-70E","chain_law":false,"closure":true,"pass_relevant":false,"observed":"2026-10-01T16:49:47.606Z","source":"planned"}},{"type":"Feature","geometry":{"type":"Point","coordinates":[-105.002826,39.74016]},"properties":{"id":"OpenTMS-Event35505566028","title":"Colfax Downtown Rail Reconstruction - 7th & 9th-148332","type":"Road Construction","roads":"US-40W","chain_law":false,"closure":false,"pass_relevant":false,"observed":"2026-10-01T15:03:21.355Z","source":"planned"}},{"type":"Feature","geometry":{"type":"Point","coordinates":[-105.78426,39.917746]},"properties":{"id":"OpenTMS-Event35507025718","title":"Road Construction-148652","type":"Road Construction","roads":"US-40E","chain_law":false,"closure":true,"pass_relevant":false,"observed":"2026-10-01T16:45:04.229Z","source":"planned"}},{"type":"Feature","geometry":{"type":"Point","coordinates":[-104.699362,39.740098]},"properties":{"id":"OpenTMS-Event35342523761","title":"I-70 Aerotropolis Interchange-146661","type":"Bridge Construction","roads":"I-70E","chain_law":false,"closure":true,"pass_relevant":true,"observed":"2026-09-23T06:02:25.115Z","source":"planned"}}]}