{"type":"FeatureCollection","features":[{"type":"Feature","geometry":{"type":"Point","coordinates":[-104.904904,39.629913]},"properties":{"id":"OpenTMS-Incident35526462072","title":"Maintenance Operations","type":"Maintenance Operations","roads":"I-225N","chain_law":false,"closure":false,"pass_relevant":false,"observed":"2026-10-06T18:32:56.372Z","source":"incident"}},{"type":"Feature","geometry":{"type":"Point","coordinates":[-105.003252,39.49459]},"properties":{"id":"OpenTMS-Incident35602606226","title":"Maintenance Operations","type":"Maintenance Operations","roads":"US-85S","chain_law":false,"closure":true,"pass_relevant":false,"observed":"2026-10-06T15:35:18.116Z","source":"incident"}},{"type":"Feature","geometry":{"type":"Point","coordinates":[-105.014631,39.736026]},"properties":{"id":"OpenTMS-Incident35613767706","title":"Maintenance Operations","type":"Maintenance Operations","roads":"I-25S","chain_law":false,"closure":true,"pass_relevant":false,"observed":"2026-10-07T07:38:51.427Z","source":"incident"}},{"type":"Feature","geometry":{"type":"Point","coordinates":[-107.178914,39.592539]},"properties":{"id":"OpenTMS-Incident35392082048","title":"Maintenance Operations","type":"Maintenance Operations","roads":"I-70W","chain_law":false,"closure":true,"pass_relevant":false,"observed":"2026-09-30T20:18:48.238Z","source":"incident"}},{"type":"Feature","geometry":{"type":"Point","coordinates":[-107.690534,37.928426]},"properties":{"id":"OpenTMS-Incident35606729210","title":"Disabled Vehicle","type":"Disabled Vehicle","roads":"US-550S","chain_law":false,"closure":false,"pass_relevant":false,"observed":"2026-10-06T20:40:24.173Z","source":"incident"}},{"type":"Feature","geometry":{"type":"Point","coordinates":[-107.662254,37.959101]},"properties":{"id":"OpenTMS-Incident35602680983","title":"Maintenance Operations","type":"Maintenance Operations","roads":"US-550N","chain_law":false,"closure":false,"pass_relevant":false,"observed":"2026-10-06T15:36:26.434Z","source":"incident"}},{"type":"Feature","geometry":{"type":"Point","coordinates":[-104.602979,38.250834]},"properties":{"id":"OpenTMS-Incident34528616432","title":"Maintenance Operations","type":"Maintenance Operations","roads":"US-50E","chain_law":false,"closure":true,"pass_relevant":false,"observed":"2026-10-05T01:46:29.408Z","source":"incident"}},{"type":"Feature","geometry":{"type":"Point","coordinates":[-104.667855,40.080543]},"properties":{"id":"OpenTMS-Incident33531957531","title":"Maintenance Operations","type":"Maintenance Operations","roads":"CO-52W","chain_law":false,"closure":false,"pass_relevant":false,"observed":"2026-06-22T15:14:55.892Z","source":"incident"}},{"type":"Feature","geometry":{"type":"Point","coordinates":[-104.868122,39.531124]},"properties":{"id":"OpenTMS-Event35527995454","title":"I-25 Lone Tree Mobility Hub -148955","type":"Other","roads":"I-25S","chain_law":false,"closure":true,"pass_relevant":false,"observed":"2026-10-06T21:13:07.793Z","source":"planned"}},{"type":"Feature","geometry":{"type":"Point","coordinates":[-105.612759,38.26572]},"properties":{"id":"OpenTMS-Event35486402329","title":"CO 69 Resurfacing Hillside to Texas Creek-148539","type":"Paving Operations","roads":"CO-69N","chain_law":false,"closure":false,"pass_relevant":false,"observed":"2026-09-30T15:23:10.884Z","source":"planned"}},{"type":"Feature","geometry":{"type":"Point","coordinates":[-104.90341,39.778364]},"properties":{"id":"OpenTMS-Event35525073327","title":"CO 35 Resurfacing & Bridge Rehab-148909","type":"Bridge Maintenance Operations","roads":"CO-35N","chain_law":false,"closure":true,"pass_relevant":true,"observed":"2026-10-02T15:09:39.627Z","source":"planned"}},{"type":"Feature","geometry":{"type":"Point","coordinates":[-105.002826,39.74016]},"properties":{"id":"OpenTMS-Event35563596135","title":"Colfax Downtown Rail Reconstruction - 7th & 9th-148335","type":"Road Construction","roads":"US-40W","chain_law":false,"closure":false,"pass_relevant":false,"observed":"2026-10-04T15:01:24.122Z","source":"planned"}},{"type":"Feature","geometry":{"type":"Point","coordinates":[-105.489026,39.799575]},"properties":{"id":"OpenTMS-Event35603717572","title":"US 119 Rock Mitigation-148558","type":"Rock Work","roads":"CO-119N","chain_law":false,"closure":true,"pass_relevant":false,"observed":"2026-10-06T16:49:56.336Z","source":"planned"}},{"type":"Feature","geometry":{"type":"Point","coordinates":[-104.999655,39.740217]},"properties":{"id":"OpenTMS-Event35537043913","title":"Colfax Downtown Rail Reconstruction -148282","type":"Road Construction","roads":"US-40W","chain_law":false,"closure":true,"pass_relevant":false,"observed":"2026-10-03T06:03:32.733Z","source":"planned"}},{"type":"Feature","geometry":{"type":"Point","coordinates":[-108.564494,39.067281]},"properties":{"id":"OpenTMS-Event35509265100","title":"I-70B East of Third Street Reconstruction-148788","type":"Road Construction","roads":"5TH ST","chain_law":false,"closure":false,"pass_relevant":false,"observed":"2026-10-01T19:32:14.182Z","source":"planned"}},{"type":"Feature","geometry":{"type":"Point","coordinates":[-104.757966,39.477557]},"properties":{"id":"OpenTMS-Event35583029014","title":"Parker Sidewalks-148963","type":"Other","roads":"CO-83N","chain_law":false,"closure":true,"pass_relevant":false,"observed":"2026-10-05T15:06:00.471Z","source":"planned"}},{"type":"Feature","geometry":{"type":"Point","coordinates":[-104.699362,39.740098]},"properties":{"id":"OpenTMS-Event35498325452","title":"I-70 Aerotropolis Interchange-146669","type":"Bridge Construction","roads":"I-70E","chain_law":false,"closure":true,"pass_relevant":true,"observed":"2026-10-05T20:54:20.028Z","source":"planned"}},{"type":"Feature","geometry":{"type":"Point","coordinates":[-105.090584,39.9207]},"properties":{"id":"OpenTMS-Event35474925446","title":"US 287 Improvements - Broomfield-148468","type":"Road Construction","roads":"US-287N","chain_law":false,"closure":false,"pass_relevant":false,"observed":"2026-09-30T01:05:59.991Z","source":"planned"}},{"type":"Feature","geometry":{"type":"Point","coordinates":[-105.237708,39.985813]},"properties":{"id":"OpenTMS-Event35505919888","title":"Boulder Traffic Signals-148699","type":"Traffic Sign Maintenance","roads":"TABLE MESA DR","chain_law":false,"closure":false,"pass_relevant":false,"observed":"2026-10-01T15:29:46.505Z","source":"planned"}},{"type":"Feature","geometry":{"type":"Point","coordinates":[-104.801559,39.769223]},"properties":{"id":"OpenTMS-Event35493299138","title":"i-70 Pavement Repairs Chambers to E-470-148666","type":"Road Construction","roads":"I-70E","chain_law":false,"closure":true,"pass_relevant":true,"observed":"2026-10-06T15:03:45.991Z","source":"planned"}},{"type":"Feature","geometry":{"type":"Point","coordinates":[-103.544498,38.85065]},"properties":{"id":"OpenTMS-Event35507024405","title":"Paving Operations-148621","type":"Paving Operations","roads":"CO-94E","chain_law":false,"closure":false,"pass_relevant":false,"observed":"2026-10-01T16:44:58.848Z","source":"planned"}},{"type":"Feature","geometry":{"type":"Point","coordinates":[-108.544317,39.115245]},"properties":{"id":"OpenTMS-Event35507091040","title":"Paving Operations-148497","type":"Paving Operations","roads":"I-70E","chain_law":false,"closure":true,"pass_relevant":false,"observed":"2026-10-02T15:09:42.921Z","source":"planned"}},{"type":"Feature","geometry":{"type":"Point","coordinates":[-106.003122,39.22535]},"properties":{"id":"OpenTMS-Event35508174352","title":"Fairplay Mobility Hub-148784","type":"Road Construction","roads":"CO-9N","chain_law":false,"closure":true,"pass_relevant":false,"observed":"2026-10-01T18:10:56.900Z","source":"planned"}},{"type":"Feature","geometry":{"type":"Point","coordinates":[-104.992706,39.680982]},"properties":{"id":"OpenTMS-Event35478952126","title":"US 85 & West Jewell Ave-147311","type":"Bridge Construction","roads":"US-85S","chain_law":false,"closure":false,"pass_relevant":false,"observed":"2026-09-30T06:05:00.483Z","source":"planned"}},{"type":"Feature","geometry":{"type":"Point","coordinates":[-107.945126,39.495097]},"properties":{"id":"OpenTMS-Event35488939710","title":"Seeding-148554","type":"Other","roads":"I-70E","chain_law":false,"closure":true,"pass_relevant":false,"observed":"2026-09-30T18:27:36.805Z","source":"planned"}},{"type":"Feature","geometry":{"type":"Point","coordinates":[-105.304221,39.712512]},"properties":{"id":"OpenTMS-Event35503934174","title":"I-70 Resurfacing - Chief Hosa to Colfax-148432","type":"IT or Fiber Optics","roads":"I-70E","chain_law":false,"closure":true,"pass_relevant":true,"observed":"2026-10-01T13:01:33.706Z","source":"planned"}},{"type":"Feature","geometry":{"type":"Point","coordinates":[-105.398244,39.816103]},"properties":{"id":"OpenTMS-Event35467342253","title":"CO 46 Resurfacing-148445","type":"Paving Operations","roads":"CO-46E","chain_law":false,"closure":false,"pass_relevant":false,"observed":"2026-09-29T15:42:06.681Z","source":"planned"}},{"type":"Feature","geometry":{"type":"Point","coordinates":[-105.149963,39.617606]},"properties":{"id":"OpenTMS-Event35508114369","title":"C-470 & Bowles Ave Interchange Improvements-148771","type":"Road Construction","roads":"CO-470E","chain_law":false,"closure":true,"pass_relevant":false,"observed":"2026-10-01T18:10:53.067Z","source":"planned"}},{"type":"Feature","geometry":{"type":"Point","coordinates":[-105.810795,39.691922]},"properties":{"id":"OpenTMS-Event35511041241","title":"R3 - I-70 Chain Station Technology & Communications Upgrades-148866","type":"Other","roads":"I-70W","chain_law":true,"closure":true,"pass_relevant":true,"observed":"2026-10-01T21:49:56.435Z","source":"planned"}},{"type":"Feature","geometry":{"type":"Point","coordinates":[-107.675511,38.017869]},"properties":{"id":"OpenTMS-Event35484616910","title":"Ouray Ped Improvements -148231","type":"Road Construction","roads":"US-550N","chain_law":false,"closure":true,"pass_relevant":false,"observed":"2026-10-05T15:31:30.253Z","source":"planned"}},{"type":"Feature","geometry":{"type":"Point","coordinates":[-106.272835,39.05573]},"properties":{"id":"OpenTMS-Event35506956943","title":"Paving Operations-148727","type":"Paving Operations","roads":"US-24E","chain_law":false,"closure":false,"pass_relevant":false,"observed":"2026-10-01T16:39:54.680Z","source":"planned"}},{"type":"Feature","geometry":{"type":"Point","coordinates":[-105.443362,39.74384]},"properties":{"id":"OpenTMS-Event35528603921","title":"I-70 Floyd Hill Project - WO 10/4-148925","type":"Road Construction","roads":"I-70W","chain_law":false,"closure":false,"pass_relevant":true,"observed":"2026-10-06T20:02:22.758Z","source":"planned"}},{"type":"Feature","geometry":{"type":"Point","coordinates":[-104.999655,39.740217]},"properties":{"id":"OpenTMS-Event35498330797","title":"Colfax Downtown Rail Reconstruction -148280","type":"Road Construction","roads":"US-40W","chain_law":false,"closure":true,"pass_relevant":false,"observed":"2026-10-01T06:05:59.465Z","source":"planned"}},{"type":"Feature","geometry":{"type":"Point","coordinates":[-104.868625,39.537248]},"properties":{"id":"OpenTMS-Event35528055611","title":"I-25 Lone Tree Mobility Hub -148957","type":"Other","roads":"I-25S","chain_law":false,"closure":false,"pass_relevant":false,"observed":"2026-10-06T21:13:09.562Z","source":"planned"}},{"type":"Feature","geometry":{"type":"Point","coordinates":[-104.699361,39.740231]},"properties":{"id":"OpenTMS-Event35517727999","title":"I-70 Aerotropolis Interchange-146701","type":"Bridge Construction","roads":"I-70W","chain_law":false,"closure":true,"pass_relevant":true,"observed":"2026-10-05T20:54:20.422Z","source":"planned"}},{"type":"Feature","geometry":{"type":"Point","coordinates":[-105.149738,39.617988]},"properties":{"id":"OpenTMS-Event35508174264","title":"C-470 & Bowles Ave Interchange Improvements-148782","type":"Road Construction","roads":"CO-470W","chain_law":false,"closure":true,"pass_relevant":false,"observed":"2026-10-01T18:10:54.599Z","source":"planned"}},{"type":"Feature","geometry":{"type":"Point","coordinates":[-106.375644,39.501622]},"properties":{"id":"OpenTMS-Event35525079386","title":"Road Construction-148815","type":"Road Construction","roads":"US-24E","chain_law":false,"closure":false,"pass_relevant":false,"observed":"2026-10-02T15:09:50.229Z","source":"planned"}},{"type":"Feature","geometry":{"type":"Point","coordinates":[-104.999655,39.740217]},"properties":{"id":"OpenTMS-Event35595032186","title":"Colfax Downtown Rail Reconstruction -148285","type":"Road Construction","roads":"US-40W","chain_law":false,"closure":true,"pass_relevant":false,"observed":"2026-10-06T06:04:01.422Z","source":"planned"}},{"type":"Feature","geometry":{"type":"Point","coordinates":[-105.00126,39.783214]},"properties":{"id":"OpenTMS-Event35511636205","title":"26614 - Denver Metro Essential Wall Repairs-148895","type":"Other","roads":"I-70E","chain_law":false,"closure":false,"pass_relevant":false,"observed":"2026-10-01T22:29:38.004Z","source":"planned"}},{"type":"Feature","geometry":{"type":"Point","coordinates":[-105.002826,39.74016]},"properties":{"id":"OpenTMS-Event35583022423","title":"Colfax Downtown Rail Reconstruction - 7th & 9th-148336","type":"Road Construction","roads":"US-40W","chain_law":false,"closure":false,"pass_relevant":false,"observed":"2026-10-05T15:05:38.207Z","source":"planned"}},{"type":"Feature","geometry":{"type":"Point","coordinates":[-108.567833,39.064397]},"properties":{"id":"OpenTMS-Event35509265131","title":"I-70B East of Third Street Reconstruction-148785","type":"Road Construction","roads":"CO-70E","chain_law":false,"closure":true,"pass_relevant":false,"observed":"2026-10-01T19:32:15.093Z","source":"planned"}},{"type":"Feature","geometry":{"type":"Point","coordinates":[-105.293969,39.742238]},"properties":{"id":"OpenTMS-Event35488383216","title":"Work Element Highway US 6-148573","type":"Road Construction","roads":"US-6E","chain_law":false,"closure":false,"pass_relevant":false,"observed":"2026-09-30T17:45:56.147Z","source":"planned"}},{"type":"Feature","geometry":{"type":"Point","coordinates":[-104.848192,39.595134]},"properties":{"id":"OpenTMS-Event35525955571","title":"Arapahoe Road Lone Tree Creek Trail Underpass-148940","type":"Other","roads":"CO-88W","chain_law":false,"closure":true,"pass_relevant":false,"observed":"2026-10-02T16:15:16.293Z","source":"planned"}},{"type":"Feature","geometry":{"type":"Point","coordinates":[-105.002826,39.74016]},"properties":{"id":"OpenTMS-Event35486200938","title":"Colfax Downtown Rail Reconstruction - 7th & 9th-148331","type":"Road Construction","roads":"US-40W","chain_law":false,"closure":false,"pass_relevant":false,"observed":"2026-09-30T15:03:15.848Z","source":"planned"}},{"type":"Feature","geometry":{"type":"Point","coordinates":[-105.873388,39.995364]},"properties":{"id":"OpenTMS-Event35507026488","title":"Road Construction-148646","type":"Road Construction","roads":"US-40E","chain_law":false,"closure":false,"pass_relevant":false,"observed":"2026-10-01T16:45:04.684Z","source":"planned"}},{"type":"Feature","geometry":{"type":"Point","coordinates":[-107.86669,37.233631]},"properties":{"id":"OpenTMS-Event35507024326","title":"Paving Operations-148492","type":"Paving Operations","roads":"US-160E","chain_law":false,"closure":true,"pass_relevant":false,"observed":"2026-10-01T16:44:57.084Z","source":"planned"}},{"type":"Feature","geometry":{"type":"Point","coordinates":[-105.091558,39.917547]},"properties":{"id":"OpenTMS-Event35474925859","title":"US 287 Improvements - Broomfield-148478","type":"Road Construction","roads":"CO-121N","chain_law":false,"closure":false,"pass_relevant":false,"observed":"2026-09-30T01:06:02.881Z","source":"planned"}},{"type":"Feature","geometry":{"type":"Point","coordinates":[-105.304221,39.712512]},"properties":{"id":"OpenTMS-Event35467194385","title":"I-70 Resurfacing - Chief Hosa to Colfax-148430","type":"IT or Fiber Optics","roads":"I-70E","chain_law":false,"closure":true,"pass_relevant":true,"observed":"2026-09-29T15:31:10.915Z","source":"planned"}},{"type":"Feature","geometry":{"type":"Point","coordinates":[-102.284114,40.585691]},"properties":{"id":"OpenTMS-Event33993131404","title":"US 6 and US 385 Bridge Replacements-139870","type":"Bridge Construction","roads":"US-6E","chain_law":false,"closure":false,"pass_relevant":false,"observed":"2026-07-21T00:47:04.713Z","source":"planned"}},{"type":"Feature","geometry":{"type":"Point","coordinates":[-105.089582,39.784162]},"properties":{"id":"OpenTMS-Event35504557315","title":"I-70 Bridge Repairs at Kipling & Garrison-148670","type":"Bridge Repair","roads":"I-70W","chain_law":false,"closure":true,"pass_relevant":true,"observed":"2026-10-01T17:51:12.750Z","source":"planned"}},{"type":"Feature","geometry":{"type":"Point","coordinates":[-107.19681,39.586486]},"properties":{"id":"OpenTMS-Event35484623589","title":"I-70 Glenwood Canyon Bridge Joint Improvements-148519","type":"Bridge Construction","roads":"I-70W","chain_law":false,"closure":true,"pass_relevant":true,"observed":"2026-09-30T13:05:52.228Z","source":"planned"}},{"type":"Feature","geometry":{"type":"Point","coordinates":[-103.800715,40.305171]},"properties":{"id":"OpenTMS-Event35508114441","title":"CO 52 Resurfacing-148760","type":"Paving Operations","roads":"CO-52E","chain_law":false,"closure":false,"pass_relevant":false,"observed":"2026-10-01T18:06:23.620Z","source":"planned"}},{"type":"Feature","geometry":{"type":"Point","coordinates":[-106.10144,39.589255]},"properties":{"id":"OpenTMS-Event35583589163","title":"I-70 Exit 203-149071","type":"Road Construction","roads":"I-70E","chain_law":false,"closure":true,"pass_relevant":true,"observed":"2026-10-05T15:52:52.033Z","source":"planned"}},{"type":"Feature","geometry":{"type":"Point","coordinates":[-107.036952,37.272958]},"properties":{"id":"OpenTMS-Event35523386282","title":"US 160 Pagosa Springs Reconstruction-147588","type":"Road Construction","roads":"US-160W","chain_law":false,"closure":false,"pass_relevant":false,"observed":"2026-10-02T13:03:14.900Z","source":"planned"}},{"type":"Feature","geometry":{"type":"Point","coordinates":[-105.002826,39.74016]},"properties":{"id":"OpenTMS-Event35525006023","title":"Colfax Downtown Rail Reconstruction - 7th & 9th-148333","type":"Road Construction","roads":"US-40W","chain_law":false,"closure":false,"pass_relevant":false,"observed":"2026-10-02T15:04:17.413Z","source":"planned"}},{"type":"Feature","geometry":{"type":"Point","coordinates":[-105.489502,40.373247]},"properties":{"id":"OpenTMS-Event35583586053","title":"US 36 cameras -149061","type":"IT or Fiber Optics","roads":"US-36W","chain_law":false,"closure":true,"pass_relevant":false,"observed":"2026-10-05T15:47:41.388Z","source":"planned"}},{"type":"Feature","geometry":{"type":"Point","coordinates":[-104.64165,40.073229]},"properties":{"id":"OpenTMS-Event35505572790","title":"Main Street Revitalization – CO 52 between Ash and 6th-148685","type":"Road Construction","roads":"CO-52E","chain_law":false,"closure":true,"pass_relevant":false,"observed":"2026-10-01T15:03:48.300Z","source":"planned"}},{"type":"Feature","geometry":{"type":"Point","coordinates":[-104.757966,39.477557]},"properties":{"id":"OpenTMS-Event35486201214","title":"Parker Sidewalks-148441","type":"Bridge Construction","roads":"CO-83N","chain_law":false,"closure":true,"pass_relevant":false,"observed":"2026-09-30T15:03:33.870Z","source":"planned"}},{"type":"Feature","geometry":{"type":"Point","coordinates":[-105.293969,39.742238]},"properties":{"id":"OpenTMS-Event35488383417","title":"Work Element Highway US 6-148580","type":"Road Construction","roads":"US-6E","chain_law":false,"closure":true,"pass_relevant":false,"observed":"2026-09-30T17:45:59.766Z","source":"planned"}},{"type":"Feature","geometry":{"type":"Point","coordinates":[-107.674054,38.030423]},"properties":{"id":"OpenTMS-Event35583370323","title":"Ouray Ped Improvements -149048","type":"Road Construction","roads":"US-550S","chain_law":false,"closure":true,"pass_relevant":false,"observed":"2026-10-05T15:31:36.262Z","source":"planned"}},{"type":"Feature","geometry":{"type":"Point","coordinates":[-104.984017,38.251502]},"properties":{"id":"OpenTMS-Event35510618804","title":"Timber Bridge Rehabilitation -148851","type":"Road Construction","roads":"CO-96E","chain_law":false,"closure":false,"pass_relevant":false,"observed":"2026-10-01T21:19:17.858Z","source":"planned"}},{"type":"Feature","geometry":{"type":"Point","coordinates":[-104.833617,38.86722]},"properties":{"id":"OpenTMS-Event35533032684","title":"I-25 Acceleration/De-Acceleration Lane from Garden of the Gods Road to Fillmore-148983","type":"Paving Operations","roads":"I-25S","chain_law":false,"closure":true,"pass_relevant":false,"observed":"2026-10-03T01:04:19.477Z","source":"planned"}},{"type":"Feature","geometry":{"type":"Point","coordinates":[-104.828169,39.772378]},"properties":{"id":"OpenTMS-Event35497526009","title":"i-70 Pavement Repairs Chambers to E-470-148662","type":"Road Construction","roads":"I-70E","chain_law":false,"closure":true,"pass_relevant":true,"observed":"2026-10-06T15:03:47.436Z","source":"planned"}},{"type":"Feature","geometry":{"type":"Point","coordinates":[-105.176262,40.761207]},"properties":{"id":"OpenTMS-Event35507024234","title":"US 287 Intersection Improvements-148731","type":"Road Construction","roads":"US-287N","chain_law":false,"closure":true,"pass_relevant":false,"observed":"2026-10-01T16:44:54.914Z","source":"planned"}},{"type":"Feature","geometry":{"type":"Point","coordinates":[-105.091697,39.920704]},"properties":{"id":"OpenTMS-Event35494240539","title":"US 287 Improvements - Broomfield-148474","type":"Road Construction","roads":"US-287S","chain_law":false,"closure":false,"pass_relevant":false,"observed":"2026-10-01T01:02:33.669Z","source":"planned"}},{"type":"Feature","geometry":{"type":"Point","coordinates":[-105.14452,39.584541]},"properties":{"id":"OpenTMS-Event35611150342","title":"C-470 Resurfacing-149022","type":"Road Construction","roads":"CO-470W","chain_law":false,"closure":false,"pass_relevant":false,"observed":"2026-10-07T02:05:25.334Z","source":"planned"}},{"type":"Feature","geometry":{"type":"Point","coordinates":[-105.057664,39.914097]},"properties":{"id":"OpenTMS-Event35532557016","title":"US 287 Improvements - Broomfield-149000","type":"Road Construction","roads":"US-287S","chain_law":false,"closure":false,"pass_relevant":false,"observed":"2026-10-03T00:28:58.390Z","source":"planned"}},{"type":"Feature","geometry":{"type":"Point","coordinates":[-107.945126,39.495097]},"properties":{"id":"OpenTMS-Event35488939909","title":"Seeding-148557","type":"Other","roads":"I-70E","chain_law":false,"closure":true,"pass_relevant":false,"observed":"2026-09-30T18:27:38.427Z","source":"planned"}},{"type":"Feature","geometry":{"type":"Point","coordinates":[-105.089582,39.784162]},"properties":{"id":"OpenTMS-Event35504557167","title":"I-70 Bridge Repairs at Kipling & Garrison-148671","type":"Bridge Repair","roads":"I-70W","chain_law":false,"closure":true,"pass_relevant":true,"observed":"2026-10-01T17:51:09.222Z","source":"planned"}},{"type":"Feature","geometry":{"type":"Point","coordinates":[-106.304065,39.642991]},"properties":{"id":"OpenTMS-Event35498337500","title":"I-70 West Vail Pass – Lane & Shoulder Closures-148571","type":"Road Construction","roads":"I-70W","chain_law":false,"closure":true,"pass_relevant":true,"observed":"2026-10-01T06:06:22.428Z","source":"planned"}},{"type":"Feature","geometry":{"type":"Point","coordinates":[-106.305468,39.643381]},"properties":{"id":"OpenTMS-Event35488383180","title":"I-70 West Vail Pass – Lane & Shoulder Closures-148563","type":"Road Construction","roads":"I-70E","chain_law":false,"closure":true,"pass_relevant":true,"observed":"2026-09-30T17:45:54.334Z","source":"planned"}},{"type":"Feature","geometry":{"type":"Point","coordinates":[-104.931545,39.803666]},"properties":{"id":"OpenTMS-Event35505639250","title":"Various intersection & median work – Vasquez Blvd between I-270 and 64th Ave-148690","type":"Road Construction","roads":"US-6E","chain_law":false,"closure":true,"pass_relevant":false,"observed":"2026-10-01T15:08:47.317Z","source":"planned"}},{"type":"Feature","geometry":{"type":"Point","coordinates":[-107.379649,40.506923]},"properties":{"id":"OpenTMS-Event35601881214","title":"US 40 Milner Resurfacing-147527","type":"Road Construction","roads":"US-40W","chain_law":false,"closure":false,"pass_relevant":false,"observed":"2026-10-06T14:33:07.534Z","source":"planned"}},{"type":"Feature","geometry":{"type":"Point","coordinates":[-107.675511,38.017869]},"properties":{"id":"OpenTMS-Event35523386499","title":"Ouray Ped Improvements -148233","type":"Road Construction","roads":"US-550N","chain_law":false,"closure":true,"pass_relevant":false,"observed":"2026-10-05T15:31:31.601Z","source":"planned"}},{"type":"Feature","geometry":{"type":"Point","coordinates":[-105.398244,39.816103]},"properties":{"id":"OpenTMS-Event35503934269","title":"CO 46 Resurfacing-148452","type":"Paving Operations","roads":"CO-46W","chain_law":false,"closure":false,"pass_relevant":false,"observed":"2026-10-01T13:01:37.476Z","source":"planned"}},{"type":"Feature","geometry":{"type":"Point","coordinates":[-103.681137,37.886799]},"properties":{"id":"OpenTMS-Event35605409696","title":"US 350 Resurfacing Otero County-149117","type":"Paving Operations","roads":"US-350W","chain_law":false,"closure":false,"pass_relevant":false,"observed":"2026-10-06T18:56:30.906Z","source":"planned"}},{"type":"Feature","geometry":{"type":"Point","coordinates":[-105.017873,40.160543]},"properties":{"id":"OpenTMS-Event31065348918","title":"CO 119 St. Vrain Greenway – Phase 13 – Eastern Extension-127004","type":"Road Construction","roads":"CO-119N","chain_law":false,"closure":true,"pass_relevant":false,"observed":"2026-08-06T17:25:54.092Z","source":"planned"}},{"type":"Feature","geometry":{"type":"Point","coordinates":[-107.675511,38.017869]},"properties":{"id":"OpenTMS-Event35562016303","title":"Ouray Ped Improvements -148235","type":"Road Construction","roads":"US-550N","chain_law":false,"closure":true,"pass_relevant":false,"observed":"2026-10-05T15:31:32.301Z","source":"planned"}},{"type":"Feature","geometry":{"type":"Point","coordinates":[-107.674054,38.030423]},"properties":{"id":"OpenTMS-Event35583371300","title":"Ouray Ped Improvements -149051","type":"Road Construction","roads":"US-550S","chain_law":false,"closure":true,"pass_relevant":false,"observed":"2026-10-05T15:31:40.008Z","source":"planned"}},{"type":"Feature","geometry":{"type":"Point","coordinates":[-104.873485,38.360558]},"properties":{"id":"OpenTMS-Event35507024450","title":"Road Construction-148628","type":"Road Construction","roads":"US-50E","chain_law":false,"closure":true,"pass_relevant":false,"observed":"2026-10-01T16:44:59.826Z","source":"planned"}},{"type":"Feature","geometry":{"type":"Point","coordinates":[-106.311793,39.361609]},"properties":{"id":"OpenTMS-Event35525079308","title":"Road Construction-148818","type":"Road Construction","roads":"US-24E","chain_law":false,"closure":false,"pass_relevant":false,"observed":"2026-10-02T15:09:48.313Z","source":"planned"}},{"type":"Feature","geometry":{"type":"Point","coordinates":[-106.304065,39.642991]},"properties":{"id":"OpenTMS-Event35488383146","title":"I-70 West Vail Pass – Lane & Shoulder Closures-148569","type":"Road Construction","roads":"I-70W","chain_law":false,"closure":true,"pass_relevant":true,"observed":"2026-09-30T17:45:51.887Z","source":"planned"}},{"type":"Feature","geometry":{"type":"Point","coordinates":[-105.451921,39.743262]},"properties":{"id":"OpenTMS-Event35528598342","title":"I-70 Floyd Hill Project - WO 10/4-148906","type":"Road Construction","roads":"I-70E","chain_law":false,"closure":true,"pass_relevant":true,"observed":"2026-10-06T20:02:20.948Z","source":"planned"}},{"type":"Feature","geometry":{"type":"Point","coordinates":[-104.833617,38.86722]},"properties":{"id":"OpenTMS-Event35531459618","title":"I-25 Acceleration/De-Acceleration Lane from Garden of the Gods Road to Fillmore-148981","type":"Paving Operations","roads":"I-25S","chain_law":false,"closure":true,"pass_relevant":false,"observed":"2026-10-02T23:06:52.628Z","source":"planned"}},{"type":"Feature","geometry":{"type":"Point","coordinates":[-103.801371,40.269749]},"properties":{"id":"OpenTMS-Event35193987836","title":"CO 52 Construction Project-146117","type":"Rock Work","roads":"CO-52E","chain_law":false,"closure":true,"pass_relevant":false,"observed":"2026-09-15T15:10:23.974Z","source":"planned"}},{"type":"Feature","geometry":{"type":"Point","coordinates":[-104.699362,39.740098]},"properties":{"id":"OpenTMS-Event35587590053","title":"I-70 Aerotropolis Interchange-149110","type":"Other","roads":"I-70E","chain_law":false,"closure":false,"pass_relevant":true,"observed":"2026-10-05T20:54:23.866Z","source":"planned"}},{"type":"Feature","geometry":{"type":"Point","coordinates":[-105.028843,39.573336]},"properties":{"id":"OpenTMS-Event35459547442","title":"Santa Fe Drive Mineral Ave Operational Improvements-145442","type":"Other","roads":"US-85S","chain_law":false,"closure":true,"pass_relevant":false,"observed":"2026-09-29T06:05:37.930Z","source":"planned"}},{"type":"Feature","geometry":{"type":"Point","coordinates":[-104.436877,39.026242]},"properties":{"id":"OpenTMS-Event35511308926","title":"New Project: 26310 - US 24 Resurfacing from Peyton to Calhan-148887","type":"Paving Operations","roads":"US-24E","chain_law":false,"closure":false,"pass_relevant":false,"observed":"2026-10-01T22:04:45.338Z","source":"planned"}},{"type":"Feature","geometry":{"type":"Point","coordinates":[-104.699362,39.740098]},"properties":{"id":"OpenTMS-Event35478952101","title":"I-70 Aerotropolis Interchange-146668","type":"Bridge Construction","roads":"I-70E","chain_law":false,"closure":true,"pass_relevant":true,"observed":"2026-10-05T20:54:19.207Z","source":"planned"}},{"type":"Feature","geometry":{"type":"Point","coordinates":[-106.304188,39.642831]},"properties":{"id":"OpenTMS-Event35498337525","title":"I-70 West Vail Pass – Lane & Shoulder Closures-148565","type":"Road Construction","roads":"I-70E","chain_law":false,"closure":true,"pass_relevant":true,"observed":"2026-10-01T06:06:25.054Z","source":"planned"}},{"type":"Feature","geometry":{"type":"Point","coordinates":[-105.428868,39.736104]},"properties":{"id":"OpenTMS-Event35528604111","title":"I-70 Floyd Hill Project - WO 10/4-148960","type":"Road Construction","roads":"US-40E","chain_law":false,"closure":false,"pass_relevant":true,"observed":"2026-10-06T20:02:25.251Z","source":"planned"}},{"type":"Feature","geometry":{"type":"Point","coordinates":[-106.10144,39.589255]},"properties":{"id":"OpenTMS-Event35600660800","title":"I-70 Exit 203-149072","type":"Road Construction","roads":"I-70E","chain_law":false,"closure":true,"pass_relevant":true,"observed":"2026-10-06T13:02:27.695Z","source":"planned"}},{"type":"Feature","geometry":{"type":"Point","coordinates":[-105.489502,40.373247]},"properties":{"id":"OpenTMS-Event35583585054","title":"US 36 cameras -149060","type":"IT or Fiber Optics","roads":"US-36W","chain_law":false,"closure":true,"pass_relevant":false,"observed":"2026-10-05T15:47:40.832Z","source":"planned"}},{"type":"Feature","geometry":{"type":"Point","coordinates":[-105.091697,39.920704]},"properties":{"id":"OpenTMS-Event35470533131","title":"US 287 Improvements - Broomfield-148472","type":"Road Construction","roads":"US-287S","chain_law":false,"closure":false,"pass_relevant":false,"observed":"2026-09-29T19:39:20.078Z","source":"planned"}},{"type":"Feature","geometry":{"type":"Point","coordinates":[-105.696559,39.716723]},"properties":{"id":"OpenTMS-Event35511045929","title":"R3 - I-70 Chain Station Technology & Communications Upgrades-148872","type":"Other","roads":"I-70W","chain_law":true,"closure":true,"pass_relevant":true,"observed":"2026-10-01T21:49:52.458Z","source":"planned"}},{"type":"Feature","geometry":{"type":"Point","coordinates":[-105.149738,39.617988]},"properties":{"id":"OpenTMS-Event35508173983","title":"C-470 & Bowles Ave Interchange Improvements-148780","type":"Road Construction","roads":"CO-470W","chain_law":false,"closure":true,"pass_relevant":false,"observed":"2026-10-01T18:10:49.555Z","source":"planned"}},{"type":"Feature","geometry":{"type":"Point","coordinates":[-106.304188,39.642831]},"properties":{"id":"OpenTMS-Event35556387836","title":"I-70 West Vail Pass – Lane & Shoulder Closures-148589","type":"Road Construction","roads":"I-70E","chain_law":false,"closure":true,"pass_relevant":true,"observed":"2026-10-04T06:05:39.345Z","source":"planned"}},{"type":"Feature","geometry":{"type":"Point","coordinates":[-103.661796,39.26151]},"properties":{"id":"OpenTMS-Event34844699776","title":"25058  I-70 Rural Bridge Rehabilitation from Limon to Flagler-145286","type":"Bridge Repair","roads":"I-70W","chain_law":false,"closure":true,"pass_relevant":true,"observed":"2026-08-28T16:19:41.351Z","source":"planned"}},{"type":"Feature","geometry":{"type":"Point","coordinates":[-104.999655,39.740217]},"properties":{"id":"OpenTMS-Event35459554592","title":"Colfax Downtown Rail Reconstruction -148278","type":"Road Construction","roads":"US-40W","chain_law":false,"closure":true,"pass_relevant":false,"observed":"2026-09-29T06:06:02.869Z","source":"planned"}},{"type":"Feature","geometry":{"type":"Point","coordinates":[-105.144584,39.584068]},"properties":{"id":"OpenTMS-Event35583309723","title":"C-470 Resurfacing-149031","type":"Road Construction","roads":"CO-470E","chain_law":false,"closure":true,"pass_relevant":false,"observed":"2026-10-05T15:26:43.962Z","source":"planned"}},{"type":"Feature","geometry":{"type":"Point","coordinates":[-104.436877,39.026242]},"properties":{"id":"OpenTMS-Event35511309009","title":"New Project: 26310 - US 24 Resurfacing from Peyton to Calhan-148892","type":"Paving Operations","roads":"US-24W","chain_law":false,"closure":false,"pass_relevant":false,"observed":"2026-10-01T22:04:47.094Z","source":"planned"}},{"type":"Feature","geometry":{"type":"Point","coordinates":[-105.16587,39.734865]},"properties":{"id":"OpenTMS-Event35484616975","title":"I-70 Resurfacing - Chief Hosa to Colfax-148436","type":"IT or Fiber Optics","roads":"I-70W","chain_law":false,"closure":true,"pass_relevant":true,"observed":"2026-09-30T13:05:37.157Z","source":"planned"}},{"type":"Feature","geometry":{"type":"Point","coordinates":[-105.11273,39.784146]},"properties":{"id":"OpenTMS-Event35369556719","title":"I-70 Bridge Repairs at Kipling & Garrison-147826","type":"Bridge Repair","roads":"I-70E","chain_law":false,"closure":false,"pass_relevant":true,"observed":"2026-10-01T17:51:08.156Z","source":"planned"}},{"type":"Feature","geometry":{"type":"Point","coordinates":[-106.311793,39.361609]},"properties":{"id":"OpenTMS-Event35525079323","title":"Road Construction-148819","type":"Road Construction","roads":"US-24E","chain_law":false,"closure":false,"pass_relevant":false,"observed":"2026-10-02T15:09:48.689Z","source":"planned"}},{"type":"Feature","geometry":{"type":"Point","coordinates":[-105.144584,39.584068]},"properties":{"id":"OpenTMS-Event35583309338","title":"C-470 Resurfacing-149033","type":"Road Construction","roads":"CO-470E","chain_law":false,"closure":true,"pass_relevant":false,"observed":"2026-10-05T15:26:43.076Z","source":"planned"}},{"type":"Feature","geometry":{"type":"Point","coordinates":[-106.10144,39.589255]},"properties":{"id":"OpenTMS-Event35583589301","title":"I-70 Exit 203-149068","type":"Road Construction","roads":"I-70E","chain_law":false,"closure":true,"pass_relevant":true,"observed":"2026-10-05T15:52:50.292Z","source":"planned"}},{"type":"Feature","geometry":{"type":"Point","coordinates":[-104.90341,39.778364]},"properties":{"id":"OpenTMS-Event35525072937","title":"CO 35 Resurfacing & Bridge Rehab-148903","type":"Bridge Maintenance Operations","roads":"CO-35N","chain_law":false,"closure":true,"pass_relevant":true,"observed":"2026-10-02T15:09:38.957Z","source":"planned"}},{"type":"Feature","geometry":{"type":"Point","coordinates":[-106.304065,39.642991]},"properties":{"id":"OpenTMS-Event35556387993","title":"I-70 West Vail Pass – Lane & Shoulder Closures-148583","type":"Road Construction","roads":"I-70W","chain_law":false,"closure":true,"pass_relevant":true,"observed":"2026-10-04T06:05:41.319Z","source":"planned"}},{"type":"Feature","geometry":{"type":"Point","coordinates":[-105.304221,39.712512]},"properties":{"id":"OpenTMS-Event35484616995","title":"I-70 Resurfacing - Chief Hosa to Colfax-148431","type":"IT or Fiber Optics","roads":"I-70E","chain_law":false,"closure":true,"pass_relevant":true,"observed":"2026-09-30T13:05:37.949Z","source":"planned"}},{"type":"Feature","geometry":{"type":"Point","coordinates":[-103.681137,37.886799]},"properties":{"id":"OpenTMS-Event35605409679","title":"US 350 Resurfacing Otero County-149116","type":"Paving Operations","roads":"US-350W","chain_law":false,"closure":false,"pass_relevant":false,"observed":"2026-10-06T18:56:30.543Z","source":"planned"}},{"type":"Feature","geometry":{"type":"Point","coordinates":[-105.398244,39.816103]},"properties":{"id":"OpenTMS-Event35484623485","title":"CO 46 Resurfacing-148451","type":"Paving Operations","roads":"CO-46W","chain_law":false,"closure":false,"pass_relevant":false,"observed":"2026-09-30T13:05:43.542Z","source":"planned"}},{"type":"Feature","geometry":{"type":"Point","coordinates":[-106.272835,39.05573]},"properties":{"id":"OpenTMS-Event35506956928","title":"Paving Operations-148726","type":"Paving Operations","roads":"US-24E","chain_law":false,"closure":false,"pass_relevant":false,"observed":"2026-10-01T16:39:54.318Z","source":"planned"}},{"type":"Feature","geometry":{"type":"Point","coordinates":[-105.002826,39.74016]},"properties":{"id":"OpenTMS-Event35544277584","title":"Colfax Downtown Rail Reconstruction - 7th & 9th-148334","type":"Road Construction","roads":"US-40W","chain_law":false,"closure":false,"pass_relevant":false,"observed":"2026-10-03T15:02:01.757Z","source":"planned"}},{"type":"Feature","geometry":{"type":"Point","coordinates":[-105.460455,39.746457]},"properties":{"id":"OpenTMS-Event35528604155","title":"I-70 Floyd Hill Project - WO 10/4-148930","type":"Road Construction","roads":"I-70W","chain_law":false,"closure":false,"pass_relevant":true,"observed":"2026-10-06T20:02:26.080Z","source":"planned"}},{"type":"Feature","geometry":{"type":"Point","coordinates":[-104.938957,39.74007]},"properties":{"id":"OpenTMS-Event35509814419","title":"East Colfax BRT Ash St To Yosemite St-148800","type":"Road Construction","roads":"US-40E","chain_law":false,"closure":false,"pass_relevant":false,"observed":"2026-10-01T20:13:34.267Z","source":"planned"}},{"type":"Feature","geometry":{"type":"Point","coordinates":[-105.696559,39.716723]},"properties":{"id":"OpenTMS-Event35511046596","title":"R3 - I-70 Chain Station Technology & Communications Upgrades-148873","type":"Other","roads":"I-70W","chain_law":true,"closure":true,"pass_relevant":true,"observed":"2026-10-01T21:49:52.862Z","source":"planned"}},{"type":"Feature","geometry":{"type":"Point","coordinates":[-104.828169,39.772378]},"properties":{"id":"OpenTMS-Event35493299196","title":"i-70 Pavement Repairs Chambers to E-470-148661","type":"Road Construction","roads":"I-70E","chain_law":false,"closure":true,"pass_relevant":true,"observed":"2026-10-06T15:03:47.049Z","source":"planned"}},{"type":"Feature","geometry":{"type":"Point","coordinates":[-106.964908,39.653831]},"properties":{"id":"OpenTMS-Event35525080199","title":"Paving Operations-148634","type":"Paving Operations","roads":"I-70E","chain_law":false,"closure":true,"pass_relevant":false,"observed":"2026-10-02T15:10:03.067Z","source":"planned"}},{"type":"Feature","geometry":{"type":"Point","coordinates":[-107.674054,38.030423]},"properties":{"id":"OpenTMS-Event35583370475","title":"Ouray Ped Improvements -149050","type":"Road Construction","roads":"US-550S","chain_law":false,"closure":true,"pass_relevant":false,"observed":"2026-10-05T15:31:38.664Z","source":"planned"}},{"type":"Feature","geometry":{"type":"Point","coordinates":[-106.375644,39.501622]},"properties":{"id":"OpenTMS-Event35525079639","title":"Road Construction-148813","type":"Road Construction","roads":"US-24E","chain_law":false,"closure":false,"pass_relevant":false,"observed":"2026-10-02T15:09:54.137Z","source":"planned"}},{"type":"Feature","geometry":{"type":"Point","coordinates":[-105.16587,39.734865]},"properties":{"id":"OpenTMS-Event35467194404","title":"I-70 Resurfacing - Chief Hosa to Colfax-148435","type":"IT or Fiber Optics","roads":"I-70W","chain_law":false,"closure":true,"pass_relevant":true,"observed":"2026-09-29T15:31:11.478Z","source":"planned"}},{"type":"Feature","geometry":{"type":"Point","coordinates":[-105.028843,39.573336]},"properties":{"id":"OpenTMS-Event35595032169","title":"Santa Fe Drive Mineral Ave Operational Improvements-145449","type":"Other","roads":"US-85S","chain_law":false,"closure":true,"pass_relevant":false,"observed":"2026-10-06T06:03:59.605Z","source":"planned"}},{"type":"Feature","geometry":{"type":"Point","coordinates":[-106.311793,39.361609]},"properties":{"id":"OpenTMS-Event35525079340","title":"Road Construction-148820","type":"Road Construction","roads":"US-24E","chain_law":false,"closure":false,"pass_relevant":false,"observed":"2026-10-02T15:09:49.089Z","source":"planned"}},{"type":"Feature","geometry":{"type":"Point","coordinates":[-104.967634,39.779871]},"properties":{"id":"OpenTMS-Event35573543370","title":"Maintenance Activities-149013","type":"Striping Operations","roads":"I-70E","chain_law":false,"closure":true,"pass_relevant":false,"observed":"2026-10-05T03:54:46.098Z","source":"planned"}},{"type":"Feature","geometry":{"type":"Point","coordinates":[-104.98076,40.303024]},"properties":{"id":"OpenTMS-Event35606219870","title":"I-25 North Express Lanes Widening Segment 5-149122","type":"Road Construction","roads":"I-25S","chain_law":false,"closure":true,"pass_relevant":true,"observed":"2026-10-06T19:57:00.158Z","source":"planned"}},{"type":"Feature","geometry":{"type":"Point","coordinates":[-104.984017,38.251502]},"properties":{"id":"OpenTMS-Event35510618723","title":"Timber Bridge Rehabilitation -148850","type":"Road Construction","roads":"CO-96E","chain_law":false,"closure":false,"pass_relevant":false,"observed":"2026-10-01T21:19:17.515Z","source":"planned"}},{"type":"Feature","geometry":{"type":"Point","coordinates":[-108.737506,39.157621]},"properties":{"id":"OpenTMS-Event35505979765","title":"US 6 Resurfacing-148716","type":"Road Construction","roads":"US-6W","chain_law":false,"closure":false,"pass_relevant":false,"observed":"2026-10-01T15:39:02.733Z","source":"planned"}},{"type":"Feature","geometry":{"type":"Point","coordinates":[-105.398244,39.816103]},"properties":{"id":"OpenTMS-Event35503934238","title":"CO 46 Resurfacing-148447","type":"Paving Operations","roads":"CO-46E","chain_law":false,"closure":false,"pass_relevant":false,"observed":"2026-10-01T13:01:35.537Z","source":"planned"}},{"type":"Feature","geometry":{"type":"Point","coordinates":[-105.696559,39.716723]},"properties":{"id":"OpenTMS-Event35511040106","title":"R3 - I-70 Chain Station Technology & Communications Upgrades-148871","type":"Other","roads":"I-70W","chain_law":true,"closure":true,"pass_relevant":true,"observed":"2026-10-01T21:49:48.926Z","source":"planned"}},{"type":"Feature","geometry":{"type":"Point","coordinates":[-104.833272,38.867223]},"properties":{"id":"OpenTMS-Event35531459375","title":"I-25 Acceleration/De-Acceleration Lane from Garden of the Gods Road to Fillmore-148971","type":"Paving Operations","roads":"I-25N","chain_law":false,"closure":true,"pass_relevant":false,"observed":"2026-10-02T23:06:48.203Z","source":"planned"}},{"type":"Feature","geometry":{"type":"Point","coordinates":[-105.102423,39.783632]},"properties":{"id":"OpenTMS-Event35504557242","title":"I-70 Bridge Repairs at Kipling & Garrison-148673","type":"Bridge Repair","roads":"I-70E","chain_law":false,"closure":true,"pass_relevant":true,"observed":"2026-10-01T17:51:11.305Z","source":"planned"}},{"type":"Feature","geometry":{"type":"Point","coordinates":[-107.036952,37.272958]},"properties":{"id":"OpenTMS-Event35581395953","title":"US 160 Pagosa Springs Reconstruction-147590","type":"Road Construction","roads":"US-160W","chain_law":false,"closure":false,"pass_relevant":false,"observed":"2026-10-05T13:04:03.273Z","source":"planned"}},{"type":"Feature","geometry":{"type":"Point","coordinates":[-104.833617,38.86722]},"properties":{"id":"OpenTMS-Event35531459640","title":"I-25 Acceleration/De-Acceleration Lane from Garden of the Gods Road to Fillmore-148982","type":"Paving Operations","roads":"I-25S","chain_law":false,"closure":true,"pass_relevant":false,"observed":"2026-10-02T23:06:53.073Z","source":"planned"}},{"type":"Feature","geometry":{"type":"Point","coordinates":[-107.674054,38.030423]},"properties":{"id":"OpenTMS-Event35583370290","title":"Ouray Ped Improvements -149047","type":"Road Construction","roads":"US-550S","chain_law":false,"closure":true,"pass_relevant":false,"observed":"2026-10-05T15:31:35.179Z","source":"planned"}},{"type":"Feature","geometry":{"type":"Point","coordinates":[-103.801371,40.269749]},"properties":{"id":"OpenTMS-Event35193987851","title":"CO 52 Resurfacing North of Fort Morgan-146302","type":"Paving Operations","roads":"CO-52E","chain_law":false,"closure":true,"pass_relevant":false,"observed":"2026-09-15T15:10:24.474Z","source":"planned"}},{"type":"Feature","geometry":{"type":"Point","coordinates":[-105.149738,39.617988]},"properties":{"id":"OpenTMS-Event35508174008","title":"C-470 & Bowles Ave Interchange Improvements-148781","type":"Road Construction","roads":"CO-470W","chain_law":false,"closure":true,"pass_relevant":false,"observed":"2026-10-01T18:10:49.955Z","source":"planned"}},{"type":"Feature","geometry":{"type":"Point","coordinates":[-104.982752,39.829321]},"properties":{"id":"OpenTMS-Event35505572775","title":"US 36 & I-270 Bridge Preventative Maintenance-148682","type":"Bridge Maintenance Operations","roads":"(F) - I-76 | FT MORGAN | GRAND JCT | BOULDER TURNPIKE | I-25 | DENVER | FORT COLLINS | I-270 | ARVADA | GRAND JCT | BROADWAY","chain_law":false,"closure":true,"pass_relevant":false,"observed":"2026-10-01T15:03:47.922Z","source":"planned"}},{"type":"Feature","geometry":{"type":"Point","coordinates":[-107.196739,39.586409]},"properties":{"id":"OpenTMS-Event35589682484","title":"Hanging Lake Tunnel Repair-149115","type":"Tunnel Maintenance","roads":"I-70E","chain_law":false,"closure":false,"pass_relevant":false,"observed":"2026-10-05T23:25:18.909Z","source":"planned"}},{"type":"Feature","geometry":{"type":"Point","coordinates":[-105.873388,39.995364]},"properties":{"id":"OpenTMS-Event35507029370","title":"Road Construction-148648","type":"Road Construction","roads":"US-40E","chain_law":false,"closure":false,"pass_relevant":false,"observed":"2026-10-01T16:45:05.746Z","source":"planned"}},{"type":"Feature","geometry":{"type":"Point","coordinates":[-104.922399,39.77845]},"properties":{"id":"OpenTMS-Event35573888954","title":"Maintenance Activities-149019","type":"Striping Operations","roads":"I-70W","chain_law":false,"closure":true,"pass_relevant":false,"observed":"2026-10-05T03:54:49.413Z","source":"planned"}},{"type":"Feature","geometry":{"type":"Point","coordinates":[-108.737506,39.157621]},"properties":{"id":"OpenTMS-Event35505979700","title":"US 6 Resurfacing-148714","type":"Road Construction","roads":"US-6W","chain_law":false,"closure":false,"pass_relevant":false,"observed":"2026-10-01T15:39:01.585Z","source":"planned"}},{"type":"Feature","geometry":{"type":"Point","coordinates":[-104.984253,39.842334]},"properties":{"id":"OpenTMS-Event35585658109","title":"VTMS Maintenance -149100","type":"Road Maintenance Operations","roads":"I-25S","chain_law":false,"closure":true,"pass_relevant":false,"observed":"2026-10-07T03:01:31.414Z","source":"planned"}},{"type":"Feature","geometry":{"type":"Point","coordinates":[-107.163864,39.601883]},"properties":{"id":"OpenTMS-Event35477043027","title":"I-70 Glenwood Canyon Bridge Joint Improvements-148504","type":"Bridge Construction","roads":"I-70E","chain_law":false,"closure":true,"pass_relevant":true,"observed":"2026-09-30T03:43:05.861Z","source":"planned"}},{"type":"Feature","geometry":{"type":"Point","coordinates":[-107.675511,38.017869]},"properties":{"id":"OpenTMS-Event35542656339","title":"Ouray Ped Improvements -148234","type":"Road Construction","roads":"US-550N","chain_law":false,"closure":true,"pass_relevant":false,"observed":"2026-10-05T15:31:31.913Z","source":"planned"}},{"type":"Feature","geometry":{"type":"Point","coordinates":[-105.293969,39.742238]},"properties":{"id":"OpenTMS-Event35488383231","title":"Work Element Highway US 6-148574","type":"Road Construction","roads":"US-6E","chain_law":false,"closure":false,"pass_relevant":false,"observed":"2026-09-30T17:45:56.590Z","source":"planned"}},{"type":"Feature","geometry":{"type":"Point","coordinates":[-105.293969,39.742238]},"properties":{"id":"OpenTMS-Event35488383246","title":"Work Element Highway US 6-148575","type":"Road Construction","roads":"US-6E","chain_law":false,"closure":false,"pass_relevant":false,"observed":"2026-09-30T17:45:57.030Z","source":"planned"}},{"type":"Feature","geometry":{"type":"Point","coordinates":[-104.67005,37.495169]},"properties":{"id":"OpenTMS-Event35586387644","title":"R2 Pavement Marking-149107","type":"Striping Operations","roads":"I-25N","chain_law":false,"closure":false,"pass_relevant":false,"observed":"2026-10-05T19:18:17.480Z","source":"planned"}},{"type":"Feature","geometry":{"type":"Point","coordinates":[-107.036952,37.272958]},"properties":{"id":"OpenTMS-Event35484616574","title":"US 160 Pagosa Springs Reconstruction-147586","type":"Road Construction","roads":"US-160W","chain_law":false,"closure":false,"pass_relevant":false,"observed":"2026-09-30T13:05:09.637Z","source":"planned"}},{"type":"Feature","geometry":{"type":"Point","coordinates":[-106.333351,39.313244]},"properties":{"id":"OpenTMS-Event35542669574","title":"Road Construction-148827","type":"Road Construction","roads":"US-24E","chain_law":false,"closure":false,"pass_relevant":false,"observed":"2026-10-03T13:01:50.128Z","source":"planned"}},{"type":"Feature","geometry":{"type":"Point","coordinates":[-105.091558,39.917547]},"properties":{"id":"OpenTMS-Event35494240576","title":"US 287 Improvements - Broomfield-148479","type":"Road Construction","roads":"CO-121N","chain_law":false,"closure":false,"pass_relevant":false,"observed":"2026-10-01T01:02:35.972Z","source":"planned"}},{"type":"Feature","geometry":{"type":"Point","coordinates":[-106.83311,39.656321]},"properties":{"id":"OpenTMS-Event35525079754","title":"Paving Operations-148830","type":"Paving Operations","roads":"I-70E","chain_law":false,"closure":true,"pass_relevant":true,"observed":"2026-10-02T15:09:57.582Z","source":"planned"}},{"type":"Feature","geometry":{"type":"Point","coordinates":[-108.564525,39.063029]},"properties":{"id":"OpenTMS-Event35509265054","title":"I-70B East of Third Street Reconstruction-148787","type":"Road Construction","roads":"US-50E","chain_law":false,"closure":true,"pass_relevant":true,"observed":"2026-10-01T19:32:13.447Z","source":"planned"}},{"type":"Feature","geometry":{"type":"Point","coordinates":[-106.375644,39.501622]},"properties":{"id":"OpenTMS-Event35525079654","title":"Road Construction-148814","type":"Road Construction","roads":"US-24E","chain_law":false,"closure":false,"pass_relevant":false,"observed":"2026-10-02T15:09:54.523Z","source":"planned"}},{"type":"Feature","geometry":{"type":"Point","coordinates":[-107.036952,37.272958]},"properties":{"id":"OpenTMS-Event35465193067","title":"US 160 Pagosa Springs Reconstruction-147585","type":"Road Construction","roads":"US-160W","chain_law":false,"closure":false,"pass_relevant":false,"observed":"2026-09-29T13:02:48.450Z","source":"planned"}},{"type":"Feature","geometry":{"type":"Point","coordinates":[-105.85434,39.70171]},"properties":{"id":"OpenTMS-Event35511777160","title":"Crack Seal -148898","type":"Crack Sealing","roads":"I-70E","chain_law":false,"closure":true,"pass_relevant":false,"observed":"2026-10-01T22:39:51.976Z","source":"planned"}},{"type":"Feature","geometry":{"type":"Point","coordinates":[-105.089582,39.784162]},"properties":{"id":"OpenTMS-Event35504557192","title":"I-70 Bridge Repairs at Kipling & Garrison-148672","type":"Bridge Repair","roads":"I-70W","chain_law":false,"closure":true,"pass_relevant":true,"observed":"2026-10-01T17:51:09.728Z","source":"planned"}},{"type":"Feature","geometry":{"type":"Point","coordinates":[-106.251778,37.069148]},"properties":{"id":"OpenTMS-Event35583715128","title":"CO 17 paving -149090","type":"Paving Operations","roads":"CO-17N","chain_law":false,"closure":true,"pass_relevant":false,"observed":"2026-10-05T15:57:22.812Z","source":"planned"}},{"type":"Feature","geometry":{"type":"Point","coordinates":[-104.837438,40.079996]},"properties":{"id":"OpenTMS-Event35565454702","title":"CO 52 Resurfacing-149004","type":"Bridge Repair","roads":"CO-52E","chain_law":false,"closure":true,"pass_relevant":false,"observed":"2026-10-04T17:33:57.152Z","source":"planned"}},{"type":"Feature","geometry":{"type":"Point","coordinates":[-104.806276,39.770478]},"properties":{"id":"OpenTMS-Event35527378592","title":"CTIO (I-70 WB) Mobile Shoulder Closure Notification-148948","type":"Road Maintenance Operations","roads":"I-70W","chain_law":false,"closure":true,"pass_relevant":true,"observed":"2026-10-02T18:01:53.203Z","source":"planned"}},{"type":"Feature","geometry":{"type":"Point","coordinates":[-104.757966,39.477557]},"properties":{"id":"OpenTMS-Event35467268796","title":"Parker Sidewalks-148440","type":"Bridge Construction","roads":"CO-83N","chain_law":false,"closure":true,"pass_relevant":false,"observed":"2026-09-29T15:36:51.574Z","source":"planned"}},{"type":"Feature","geometry":{"type":"Point","coordinates":[-105.251807,39.665881]},"properties":{"id":"OpenTMS-Event35509612868","title":"CO 74 Resurfacing-148797","type":"Guardrail","roads":"CO-74E","chain_law":false,"closure":false,"pass_relevant":false,"observed":"2026-10-01T19:58:25.042Z","source":"planned"}},{"type":"Feature","geometry":{"type":"Point","coordinates":[-105.612759,38.26572]},"properties":{"id":"OpenTMS-Event35602486090","title":"CO 69 Resurfacing Hillside to Texas Creek-148549","type":"Paving Operations","roads":"CO-69N","chain_law":false,"closure":false,"pass_relevant":false,"observed":"2026-10-06T15:18:36.479Z","source":"planned"}},{"type":"Feature","geometry":{"type":"Point","coordinates":[-104.848192,39.595134]},"properties":{"id":"OpenTMS-Event34827429107","title":"Arapahoe Road Lone Tree Creek Trail Underpass-144898","type":"Other","roads":"CO-88W","chain_law":false,"closure":true,"pass_relevant":false,"observed":"2026-10-02T16:15:20.177Z","source":"planned"}},{"type":"Feature","geometry":{"type":"Point","coordinates":[-105.176262,40.761207]},"properties":{"id":"OpenTMS-Event35507024217","title":"US 287 Intersection Improvements-148732","type":"Road Construction","roads":"US-287N","chain_law":false,"closure":true,"pass_relevant":false,"observed":"2026-10-01T16:44:53.561Z","source":"planned"}},{"type":"Feature","geometry":{"type":"Point","coordinates":[-106.304065,39.642991]},"properties":{"id":"OpenTMS-Event35575716369","title":"I-70 West Vail Pass – Lane & Shoulder Closures-148584","type":"Road Construction","roads":"I-70W","chain_law":false,"closure":true,"pass_relevant":true,"observed":"2026-10-05T06:01:34.668Z","source":"planned"}},{"type":"Feature","geometry":{"type":"Point","coordinates":[-104.699362,39.740098]},"properties":{"id":"OpenTMS-Event35459547363","title":"I-70 Aerotropolis Interchange-146667","type":"Bridge Construction","roads":"I-70E","chain_law":false,"closure":true,"pass_relevant":true,"observed":"2026-10-05T20:54:18.340Z","source":"planned"}},{"type":"Feature","geometry":{"type":"Point","coordinates":[-104.931545,39.803666]},"properties":{"id":"OpenTMS-Event35505639210","title":"Various intersection & median work – Vasquez Blvd between I-270 and 64th Ave-148688","type":"Road Construction","roads":"US-6E","chain_law":false,"closure":true,"pass_relevant":false,"observed":"2026-10-01T15:08:46.531Z","source":"planned"}},{"type":"Feature","geometry":{"type":"Point","coordinates":[-107.163864,39.601883]},"properties":{"id":"OpenTMS-Event35484623572","title":"I-70 Glenwood Canyon Bridge Joint Improvements-148505","type":"Bridge Construction","roads":"I-70E","chain_law":false,"closure":true,"pass_relevant":true,"observed":"2026-09-30T13:05:51.537Z","source":"planned"}},{"type":"Feature","geometry":{"type":"Point","coordinates":[-104.699361,39.740231]},"properties":{"id":"OpenTMS-Event35537043756","title":"I-70 Aerotropolis Interchange-146702","type":"Bridge Construction","roads":"I-70W","chain_law":false,"closure":true,"pass_relevant":true,"observed":"2026-10-05T20:54:22.111Z","source":"planned"}},{"type":"Feature","geometry":{"type":"Point","coordinates":[-105.007731,40.703963]},"properties":{"id":"OpenTMS-Event35193987743","title":"Cleveland Avenue Construction Project-146040","type":"Road Construction","roads":"CO-1N","chain_law":false,"closure":true,"pass_relevant":false,"observed":"2026-09-15T15:10:20.797Z","source":"planned"}},{"type":"Feature","geometry":{"type":"Point","coordinates":[-105.98863,38.846057]},"properties":{"id":"OpenTMS-Event35510899677","title":"South Central Colorado Bridge Preventative Maintenance-148853","type":"Bridge Maintenance Operations","roads":"US-24W","chain_law":false,"closure":false,"pass_relevant":false,"observed":"2026-10-01T21:34:17.735Z","source":"planned"}},{"type":"Feature","geometry":{"type":"Point","coordinates":[-107.675511,38.017869]},"properties":{"id":"OpenTMS-Event35581402241","title":"Ouray Ped Improvements -148236","type":"Road Construction","roads":"US-550N","chain_law":false,"closure":true,"pass_relevant":false,"observed":"2026-10-05T15:31:32.620Z","source":"planned"}},{"type":"Feature","geometry":{"type":"Point","coordinates":[-103.883853,37.720799]},"properties":{"id":"OpenTMS-Event35504691938","title":"US 350 Resurfacing Otero County-148679","type":"Paving Operations","roads":"US-350E","chain_law":false,"closure":false,"pass_relevant":false,"observed":"2026-10-01T13:57:53.169Z","source":"planned"}},{"type":"Feature","geometry":{"type":"Point","coordinates":[-104.856437,39.740097]},"properties":{"id":"OpenTMS-Event35510028776","title":"East Colfax Moline Station-148808","type":"Road Construction","roads":"US-40E","chain_law":false,"closure":true,"pass_relevant":false,"observed":"2026-10-01T20:39:33.283Z","source":"planned"}},{"type":"Feature","geometry":{"type":"Point","coordinates":[-104.609584,38.294932]},"properties":{"id":"OpenTMS-Event35510572136","title":"I-25/US 50 Interchange Project-148839","type":"Road Construction","roads":"I-25N","chain_law":false,"closure":true,"pass_relevant":false,"observed":"2026-10-05T18:48:30.959Z","source":"planned"}},{"type":"Feature","geometry":{"type":"Point","coordinates":[-105.144584,39.584068]},"properties":{"id":"OpenTMS-Event35583309189","title":"C-470 Resurfacing-149032","type":"Road Construction","roads":"CO-470E","chain_law":false,"closure":true,"pass_relevant":false,"observed":"2026-10-05T15:26:42.686Z","source":"planned"}},{"type":"Feature","geometry":{"type":"Point","coordinates":[-106.305468,39.643381]},"properties":{"id":"OpenTMS-Event35614333995","title":"I-70 West Vail Pass – Lane & Shoulder Closures-148592","type":"Road Construction","roads":"I-70E","chain_law":false,"closure":true,"pass_relevant":true,"observed":"2026-10-07T06:02:40.684Z","source":"planned"}},{"type":"Feature","geometry":{"type":"Point","coordinates":[-104.999655,39.740217]},"properties":{"id":"OpenTMS-Event35556374577","title":"Colfax Downtown Rail Reconstruction -148283","type":"Road Construction","roads":"US-40W","chain_law":false,"closure":true,"pass_relevant":false,"observed":"2026-10-04T06:04:56.230Z","source":"planned"}},{"type":"Feature","geometry":{"type":"Point","coordinates":[-102.945238,39.281356]},"properties":{"id":"OpenTMS-Event33990564038","title":"I-70 Seibert-Stratton Roadway Improvements-139794","type":"Road Construction","roads":"I-70E","chain_law":false,"closure":true,"pass_relevant":true,"observed":"2026-08-03T19:13:36.854Z","source":"planned"}},{"type":"Feature","geometry":{"type":"Point","coordinates":[-107.19681,39.586486]},"properties":{"id":"OpenTMS-Event35581402297","title":"I-70 Glenwood Canyon Bridge Joint Improvements-148521","type":"Bridge Construction","roads":"I-70W","chain_law":false,"closure":true,"pass_relevant":true,"observed":"2026-10-05T13:04:14.906Z","source":"planned"}},{"type":"Feature","geometry":{"type":"Point","coordinates":[-105.028843,39.573336]},"properties":{"id":"OpenTMS-Event35517733110","title":"Santa Fe Drive Mineral Ave Operational Improvements-145445","type":"Other","roads":"US-85S","chain_law":false,"closure":true,"pass_relevant":false,"observed":"2026-10-02T06:03:05.662Z","source":"planned"}},{"type":"Feature","geometry":{"type":"Point","coordinates":[-104.699362,39.740098]},"properties":{"id":"OpenTMS-Event35595046199","title":"I-70 Aerotropolis Interchange-146674","type":"Bridge Construction","roads":"I-70E","chain_law":false,"closure":true,"pass_relevant":true,"observed":"2026-10-06T06:05:03.740Z","source":"planned"}},{"type":"Feature","geometry":{"type":"Point","coordinates":[-104.609584,38.294932]},"properties":{"id":"OpenTMS-Event35585989282","title":"I-25/US 50 Interchange Project-149102","type":"Road Construction","roads":"I-25N","chain_law":false,"closure":true,"pass_relevant":false,"observed":"2026-10-05T18:48:31.332Z","source":"planned"}},{"type":"Feature","geometry":{"type":"Point","coordinates":[-107.675511,38.017869]},"properties":{"id":"OpenTMS-Event35503934092","title":"Ouray Ped Improvements -148232","type":"Road Construction","roads":"US-550N","chain_law":false,"closure":true,"pass_relevant":false,"observed":"2026-10-05T15:31:30.913Z","source":"planned"}},{"type":"Feature","geometry":{"type":"Point","coordinates":[-105.090584,39.9207]},"properties":{"id":"OpenTMS-Event35494240520","title":"US 287 Improvements - Broomfield-148469","type":"Road Construction","roads":"US-287N","chain_law":false,"closure":false,"pass_relevant":false,"observed":"2026-10-01T01:02:32.724Z","source":"planned"}},{"type":"Feature","geometry":{"type":"Point","coordinates":[-105.057664,39.914097]},"properties":{"id":"OpenTMS-Event35532556998","title":"US 287 Improvements - Broomfield-148999","type":"Road Construction","roads":"US-287S","chain_law":false,"closure":false,"pass_relevant":false,"observed":"2026-10-03T00:28:57.861Z","source":"planned"}},{"type":"Feature","geometry":{"type":"Point","coordinates":[-104.992706,39.680982]},"properties":{"id":"OpenTMS-Event35459547384","title":"US 85 & West Jewell Ave-147312","type":"Bridge Construction","roads":"US-85S","chain_law":false,"closure":false,"pass_relevant":false,"observed":"2026-09-29T06:05:29.009Z","source":"planned"}},{"type":"Feature","geometry":{"type":"Point","coordinates":[-107.196739,39.586409]},"properties":{"id":"OpenTMS-Event35589682438","title":"Hanging Lake Tunnel Repair-149113","type":"Tunnel Maintenance","roads":"I-70E","chain_law":false,"closure":false,"pass_relevant":false,"observed":"2026-10-05T23:25:18.031Z","source":"planned"}},{"type":"Feature","geometry":{"type":"Point","coordinates":[-106.251778,37.069148]},"properties":{"id":"OpenTMS-Event35583715236","title":"CO 17 paving -149096","type":"Paving Operations","roads":"CO-17N","chain_law":false,"closure":true,"pass_relevant":false,"observed":"2026-10-05T15:57:25.341Z","source":"planned"}},{"type":"Feature","geometry":{"type":"Point","coordinates":[-105.293969,39.742238]},"properties":{"id":"OpenTMS-Event35488383273","title":"Work Element Highway US 6-148576","type":"Road Construction","roads":"US-6E","chain_law":false,"closure":false,"pass_relevant":false,"observed":"2026-09-30T17:45:57.505Z","source":"planned"}},{"type":"Feature","geometry":{"type":"Point","coordinates":[-106.83311,39.656321]},"properties":{"id":"OpenTMS-Event35525079788","title":"Paving Operations-148832","type":"Paving Operations","roads":"I-70E","chain_law":false,"closure":true,"pass_relevant":true,"observed":"2026-10-02T15:10:00.057Z","source":"planned"}},{"type":"Feature","geometry":{"type":"Point","coordinates":[-104.67005,37.495169]},"properties":{"id":"OpenTMS-Event35586387663","title":"R2 Pavement Marking-149108","type":"Striping Operations","roads":"I-25N","chain_law":false,"closure":false,"pass_relevant":false,"observed":"2026-10-05T19:18:17.847Z","source":"planned"}},{"type":"Feature","geometry":{"type":"Point","coordinates":[-106.304188,39.642831]},"properties":{"id":"OpenTMS-Event35488383198","title":"I-70 West Vail Pass – Lane & Shoulder Closures-148564","type":"Road Construction","roads":"I-70E","chain_law":false,"closure":true,"pass_relevant":true,"observed":"2026-09-30T17:45:55.447Z","source":"planned"}},{"type":"Feature","geometry":{"type":"Point","coordinates":[-104.90341,39.778364]},"properties":{"id":"OpenTMS-Event35525073814","title":"CO 35 Resurfacing & Bridge Rehab-148910","type":"Bridge Maintenance Operations","roads":"CO-35N","chain_law":false,"closure":true,"pass_relevant":true,"observed":"2026-10-02T15:09:40.001Z","source":"planned"}},{"type":"Feature","geometry":{"type":"Point","coordinates":[-104.931545,39.803666]},"properties":{"id":"OpenTMS-Event35505639230","title":"Various intersection & median work – Vasquez Blvd between I-270 and 64th Ave-148689","type":"Road Construction","roads":"US-6E","chain_law":false,"closure":true,"pass_relevant":false,"observed":"2026-10-01T15:08:46.915Z","source":"planned"}},{"type":"Feature","geometry":{"type":"Point","coordinates":[-104.757966,39.477557]},"properties":{"id":"OpenTMS-Event35505566147","title":"Parker Sidewalks-148442","type":"Bridge Construction","roads":"CO-83N","chain_law":false,"closure":true,"pass_relevant":false,"observed":"2026-10-01T15:03:33.621Z","source":"planned"}},{"type":"Feature","geometry":{"type":"Point","coordinates":[-105.49159,39.842729]},"properties":{"id":"OpenTMS-Event35503940941","title":"CO 46 Resurfacing-148462","type":"Sign Work","roads":"CO-46E","chain_law":false,"closure":false,"pass_relevant":false,"observed":"2026-10-01T13:01:45.775Z","source":"planned"}},{"type":"Feature","geometry":{"type":"Point","coordinates":[-105.02502,39.913483]},"properties":{"id":"OpenTMS-Event34690714717","title":"Federal Parkway Improvements Project-143953","type":"Road Construction","roads":"US-287N","chain_law":false,"closure":false,"pass_relevant":false,"observed":"2026-08-20T18:22:17.277Z","source":"planned"}},{"type":"Feature","geometry":{"type":"Point","coordinates":[-104.999655,39.740217]},"properties":{"id":"OpenTMS-Event35614332037","title":"Colfax Downtown Rail Reconstruction -148286","type":"Road Construction","roads":"US-40W","chain_law":false,"closure":true,"pass_relevant":false,"observed":"2026-10-07T06:02:33.927Z","source":"planned"}},{"type":"Feature","geometry":{"type":"Point","coordinates":[-104.992706,39.680982]},"properties":{"id":"OpenTMS-Event35517728055","title":"US 85 & West Jewell Ave-147309","type":"Bridge Construction","roads":"US-85S","chain_law":false,"closure":false,"pass_relevant":false,"observed":"2026-10-02T06:03:00.465Z","source":"planned"}},{"type":"Feature","geometry":{"type":"Point","coordinates":[-104.699362,39.740098]},"properties":{"id":"OpenTMS-Event35614338798","title":"I-70 Aerotropolis Interchange-146675","type":"Bridge Construction","roads":"I-70E","chain_law":false,"closure":true,"pass_relevant":true,"observed":"2026-10-07T06:03:01.907Z","source":"planned"}},{"type":"Feature","geometry":{"type":"Point","coordinates":[-106.333351,39.313244]},"properties":{"id":"OpenTMS-Event35525079416","title":"Road Construction-148826","type":"Road Construction","roads":"US-24E","chain_law":false,"closure":false,"pass_relevant":false,"observed":"2026-10-02T15:09:50.999Z","source":"planned"}},{"type":"Feature","geometry":{"type":"Point","coordinates":[-108.737506,39.157621]},"properties":{"id":"OpenTMS-Event35513721480","title":"US 6 Resurfacing-148717","type":"Road Construction","roads":"US-6W","chain_law":false,"closure":false,"pass_relevant":false,"observed":"2026-10-02T01:05:02.081Z","source":"planned"}},{"type":"Feature","geometry":{"type":"Point","coordinates":[-105.102423,39.783632]},"properties":{"id":"OpenTMS-Event35504557341","title":"I-70 Bridge Repairs at Kipling & Garrison-148675","type":"Bridge Repair","roads":"I-70E","chain_law":false,"closure":true,"pass_relevant":true,"observed":"2026-10-01T17:51:13.812Z","source":"planned"}},{"type":"Feature","geometry":{"type":"Point","coordinates":[-105.49159,39.842729]},"properties":{"id":"OpenTMS-Event35484623517","title":"CO 46 Resurfacing-148456","type":"Sign Work","roads":"CO-46W","chain_law":false,"closure":false,"pass_relevant":false,"observed":"2026-09-30T13:05:45.692Z","source":"planned"}},{"type":"Feature","geometry":{"type":"Point","coordinates":[-105.612759,38.26572]},"properties":{"id":"OpenTMS-Event35486402344","title":"CO 69 Resurfacing Hillside to Texas Creek-148540","type":"Paving Operations","roads":"CO-69N","chain_law":false,"closure":false,"pass_relevant":false,"observed":"2026-09-30T15:23:12.066Z","source":"planned"}},{"type":"Feature","geometry":{"type":"Point","coordinates":[-107.379649,40.506923]},"properties":{"id":"OpenTMS-Event35466427342","title":"US 40 Milner Resurfacing-147522","type":"Road Construction","roads":"US-40W","chain_law":false,"closure":false,"pass_relevant":false,"observed":"2026-09-29T14:34:39.957Z","source":"planned"}},{"type":"Feature","geometry":{"type":"Point","coordinates":[-104.801559,39.769223]},"properties":{"id":"OpenTMS-Event35497523857","title":"i-70 Pavement Repairs Chambers to E-470-148667","type":"Road Construction","roads":"I-70E","chain_law":false,"closure":true,"pass_relevant":true,"observed":"2026-10-06T15:03:46.541Z","source":"planned"}},{"type":"Feature","geometry":{"type":"Point","coordinates":[-105.091787,39.917616]},"properties":{"id":"OpenTMS-Event35470600153","title":"US 287 Improvements - Broomfield-148482","type":"Road Construction","roads":"CO-121S","chain_law":false,"closure":false,"pass_relevant":false,"observed":"2026-09-29T19:44:25.517Z","source":"planned"}},{"type":"Feature","geometry":{"type":"Point","coordinates":[-106.251778,37.069148]},"properties":{"id":"OpenTMS-Event35583715203","title":"CO 17 paving -149095","type":"Paving Operations","roads":"CO-17N","chain_law":false,"closure":true,"pass_relevant":false,"observed":"2026-10-05T15:57:24.951Z","source":"planned"}},{"type":"Feature","geometry":{"type":"Point","coordinates":[-105.460455,39.746457]},"properties":{"id":"OpenTMS-Event35528604010","title":"I-70 Floyd Hill Project - WO 10/4-148929","type":"Road Construction","roads":"I-70W","chain_law":false,"closure":false,"pass_relevant":true,"observed":"2026-10-06T20:02:24.179Z","source":"planned"}},{"type":"Feature","geometry":{"type":"Point","coordinates":[-106.304065,39.642991]},"properties":{"id":"OpenTMS-Event35595038803","title":"I-70 West Vail Pass – Lane & Shoulder Closures-148585","type":"Road Construction","roads":"I-70W","chain_law":false,"closure":true,"pass_relevant":true,"observed":"2026-10-06T06:04:19.104Z","source":"planned"}},{"type":"Feature","geometry":{"type":"Point","coordinates":[-105.102423,39.783632]},"properties":{"id":"OpenTMS-Event35504557261","title":"I-70 Bridge Repairs at Kipling & Garrison-148674","type":"Bridge Repair","roads":"I-70E","chain_law":false,"closure":true,"pass_relevant":true,"observed":"2026-10-01T17:51:11.764Z","source":"planned"}},{"type":"Feature","geometry":{"type":"Point","coordinates":[-105.091787,39.917616]},"properties":{"id":"OpenTMS-Event35532556856","title":"US 287 Improvements - Broomfield-148994","type":"Road Construction","roads":"CO-121S","chain_law":false,"closure":false,"pass_relevant":false,"observed":"2026-10-03T00:28:55.408Z","source":"planned"}},{"type":"Feature","geometry":{"type":"Point","coordinates":[-108.737506,39.157621]},"properties":{"id":"OpenTMS-Event35505979750","title":"US 6 Resurfacing-148715","type":"Road Construction","roads":"US-6W","chain_law":false,"closure":false,"pass_relevant":false,"observed":"2026-10-01T15:39:02.321Z","source":"planned"}},{"type":"Feature","geometry":{"type":"Point","coordinates":[-107.036952,37.272958]},"properties":{"id":"OpenTMS-Event35503933977","title":"US 160 Pagosa Springs Reconstruction-147587","type":"Road Construction","roads":"US-160W","chain_law":false,"closure":false,"pass_relevant":false,"observed":"2026-10-01T13:01:13.897Z","source":"planned"}},{"type":"Feature","geometry":{"type":"Point","coordinates":[-102.264928,40.585696]},"properties":{"id":"OpenTMS-Event33993131437","title":"US 6 and US 385 Bridge Replacements-139871","type":"Bridge Construction","roads":"US-6E","chain_law":false,"closure":false,"pass_relevant":false,"observed":"2026-07-21T00:47:05.728Z","source":"planned"}},{"type":"Feature","geometry":{"type":"Point","coordinates":[-105.091697,39.920704]},"properties":{"id":"OpenTMS-Event35532556760","title":"US 287 Improvements - Broomfield-148989","type":"Road Construction","roads":"US-287S","chain_law":false,"closure":false,"pass_relevant":false,"observed":"2026-10-03T00:28:53.044Z","source":"planned"}},{"type":"Feature","geometry":{"type":"Point","coordinates":[-105.0555,39.914254]},"properties":{"id":"OpenTMS-Event35532556960","title":"US 287 Improvements - Broomfield-148998","type":"Road Construction","roads":"US-287N","chain_law":false,"closure":false,"pass_relevant":false,"observed":"2026-10-03T00:28:57.365Z","source":"planned"}},{"type":"Feature","geometry":{"type":"Point","coordinates":[-107.163864,39.601883]},"properties":{"id":"OpenTMS-Event35581402280","title":"I-70 Glenwood Canyon Bridge Joint Improvements-148507","type":"Bridge Construction","roads":"I-70E","chain_law":false,"closure":true,"pass_relevant":true,"observed":"2026-10-05T13:04:14.173Z","source":"planned"}},{"type":"Feature","geometry":{"type":"Point","coordinates":[-105.028843,39.573336]},"properties":{"id":"OpenTMS-Event35537043896","title":"Santa Fe Drive Mineral Ave Operational Improvements-145446","type":"Other","roads":"US-85S","chain_law":false,"closure":true,"pass_relevant":false,"observed":"2026-10-03T06:03:30.366Z","source":"planned"}},{"type":"Feature","geometry":{"type":"Point","coordinates":[-105.028843,39.573336]},"properties":{"id":"OpenTMS-Event35498330640","title":"Santa Fe Drive Mineral Ave Operational Improvements-145444","type":"Other","roads":"US-85S","chain_law":false,"closure":true,"pass_relevant":false,"observed":"2026-10-01T06:05:46.330Z","source":"planned"}},{"type":"Feature","geometry":{"type":"Point","coordinates":[-104.873485,38.360558]},"properties":{"id":"OpenTMS-Event35507024520","title":"Road Construction-148629","type":"Road Construction","roads":"US-50E","chain_law":false,"closure":true,"pass_relevant":false,"observed":"2026-10-01T16:45:01.379Z","source":"planned"}},{"type":"Feature","geometry":{"type":"Point","coordinates":[-107.674054,38.030423]},"properties":{"id":"OpenTMS-Event35583375285","title":"Ouray Ped Improvements -149053","type":"Road Construction","roads":"US-550S","chain_law":false,"closure":true,"pass_relevant":false,"observed":"2026-10-05T15:31:42.405Z","source":"planned"}},{"type":"Feature","geometry":{"type":"Point","coordinates":[-105.091787,39.917616]},"properties":{"id":"OpenTMS-Event35532556836","title":"US 287 Improvements - Broomfield-148993","type":"Road Construction","roads":"CO-121S","chain_law":false,"closure":false,"pass_relevant":false,"observed":"2026-10-03T00:28:54.964Z","source":"planned"}},{"type":"Feature","geometry":{"type":"Point","coordinates":[-105.49159,39.842729]},"properties":{"id":"OpenTMS-Event35467403335","title":"CO 46 Resurfacing-148460","type":"Sign Work","roads":"CO-46E","chain_law":false,"closure":false,"pass_relevant":false,"observed":"2026-09-29T15:46:48.452Z","source":"planned"}},{"type":"Feature","geometry":{"type":"Point","coordinates":[-104.950534,39.780118]},"properties":{"id":"OpenTMS-Event35573810646","title":"Maintenance Activities-149016","type":"Tunnel Maintenance","roads":"I-70W","chain_law":false,"closure":true,"pass_relevant":false,"observed":"2026-10-05T03:54:47.186Z","source":"planned"}},{"type":"Feature","geometry":{"type":"Point","coordinates":[-106.304188,39.642831]},"properties":{"id":"OpenTMS-Event35521757649","title":"I-70 West Vail Pass – Lane & Shoulder Closures-148566","type":"Road Construction","roads":"I-70E","chain_law":false,"closure":true,"pass_relevant":true,"observed":"2026-10-02T11:01:45.330Z","source":"planned"}},{"type":"Feature","geometry":{"type":"Point","coordinates":[-104.470549,39.346575]},"properties":{"id":"OpenTMS-Event33695342568","title":"Bridge Construction-138203","type":"Bridge Construction","roads":"CO-86W","chain_law":false,"closure":false,"pass_relevant":false,"observed":"2026-08-07T18:00:55.926Z","source":"planned"}},{"type":"Feature","geometry":{"type":"Point","coordinates":[-105.810795,39.691922]},"properties":{"id":"OpenTMS-Event35511042945","title":"R3 - I-70 Chain Station Technology & Communications Upgrades-148868","type":"Other","roads":"I-70W","chain_law":true,"closure":true,"pass_relevant":true,"observed":"2026-10-01T21:49:50.685Z","source":"planned"}},{"type":"Feature","geometry":{"type":"Point","coordinates":[-104.699361,39.740231]},"properties":{"id":"OpenTMS-Event35575716225","title":"I-70 Aerotropolis Interchange-146704","type":"Bridge Construction","roads":"I-70W","chain_law":false,"closure":true,"pass_relevant":true,"observed":"2026-10-05T20:54:22.915Z","source":"planned"}},{"type":"Feature","geometry":{"type":"Point","coordinates":[-104.837438,40.079996]},"properties":{"id":"OpenTMS-Event35565454630","title":"CO 52 Resurfacing-149006","type":"Bridge Repair","roads":"CO-52E","chain_law":false,"closure":true,"pass_relevant":false,"observed":"2026-10-04T17:33:55.758Z","source":"planned"}},{"type":"Feature","geometry":{"type":"Point","coordinates":[-103.544498,38.85065]},"properties":{"id":"OpenTMS-Event35507024420","title":"Paving Operations-148622","type":"Paving Operations","roads":"CO-94E","chain_law":false,"closure":false,"pass_relevant":false,"observed":"2026-10-01T16:44:59.164Z","source":"planned"}},{"type":"Feature","geometry":{"type":"Point","coordinates":[-104.699362,39.740098]},"properties":{"id":"OpenTMS-Event35517728016","title":"I-70 Aerotropolis Interchange-146670","type":"Bridge Construction","roads":"I-70E","chain_law":false,"closure":true,"pass_relevant":true,"observed":"2026-10-05T20:54:20.828Z","source":"planned"}},{"type":"Feature","geometry":{"type":"Point","coordinates":[-105.144584,39.584068]},"properties":{"id":"OpenTMS-Event35583308888","title":"C-470 Resurfacing-149034","type":"Road Construction","roads":"CO-470E","chain_law":false,"closure":true,"pass_relevant":false,"observed":"2026-10-05T15:26:42.207Z","source":"planned"}},{"type":"Feature","geometry":{"type":"Point","coordinates":[-105.028843,39.573336]},"properties":{"id":"OpenTMS-Event35478958728","title":"Santa Fe Drive Mineral Ave Operational Improvements-145443","type":"Other","roads":"US-85S","chain_law":false,"closure":true,"pass_relevant":false,"observed":"2026-09-30T06:05:09.285Z","source":"planned"}},{"type":"Feature","geometry":{"type":"Point","coordinates":[-104.678607,39.740161]},"properties":{"id":"OpenTMS-Event35587590073","title":"I-70 Aerotropolis Interchange-149111","type":"Other","roads":"I-70W","chain_law":false,"closure":true,"pass_relevant":true,"observed":"2026-10-05T20:54:24.360Z","source":"planned"}},{"type":"Feature","geometry":{"type":"Point","coordinates":[-105.091787,39.917616]},"properties":{"id":"OpenTMS-Event35494240558","title":"US 287 Improvements - Broomfield-148484","type":"Road Construction","roads":"CO-121S","chain_law":false,"closure":false,"pass_relevant":false,"observed":"2026-10-01T01:02:35.049Z","source":"planned"}},{"type":"Feature","geometry":{"type":"Point","coordinates":[-105.451921,39.743262]},"properties":{"id":"OpenTMS-Event35528597415","title":"I-70 Floyd Hill Project - WO 10/4-148905","type":"Road Construction","roads":"I-70E","chain_law":false,"closure":true,"pass_relevant":true,"observed":"2026-10-06T20:02:20.409Z","source":"planned"}},{"type":"Feature","geometry":{"type":"Point","coordinates":[-106.298511,39.270163]},"properties":{"id":"OpenTMS-Event35525079466","title":"Road Construction-148824","type":"Road Construction","roads":"US-24E","chain_law":false,"closure":false,"pass_relevant":false,"observed":"2026-10-02T15:09:52.166Z","source":"planned"}},{"type":"Feature","geometry":{"type":"Point","coordinates":[-107.86669,37.233631]},"properties":{"id":"OpenTMS-Event35507024345","title":"Paving Operations-148493","type":"Paving Operations","roads":"US-160E","chain_law":false,"closure":true,"pass_relevant":false,"observed":"2026-10-01T16:44:57.448Z","source":"planned"}},{"type":"Feature","geometry":{"type":"Point","coordinates":[-105.149963,39.617606]},"properties":{"id":"OpenTMS-Event35508114344","title":"C-470 & Bowles Ave Interchange Improvements-148770","type":"Road Construction","roads":"CO-470E","chain_law":false,"closure":true,"pass_relevant":false,"observed":"2026-10-01T18:10:52.704Z","source":"planned"}},{"type":"Feature","geometry":{"type":"Point","coordinates":[-105.0555,39.914254]},"properties":{"id":"OpenTMS-Event35532556905","title":"US 287 Improvements - Broomfield-148996","type":"Road Construction","roads":"US-287N","chain_law":false,"closure":false,"pass_relevant":false,"observed":"2026-10-03T00:28:56.341Z","source":"planned"}},{"type":"Feature","geometry":{"type":"Point","coordinates":[-105.78426,39.917746]},"properties":{"id":"OpenTMS-Event35507025369","title":"Road Construction-148651","type":"Road Construction","roads":"US-40E","chain_law":false,"closure":true,"pass_relevant":false,"observed":"2026-10-01T16:45:03.825Z","source":"planned"}},{"type":"Feature","geometry":{"type":"Point","coordinates":[-104.833272,38.867223]},"properties":{"id":"OpenTMS-Event35531459397","title":"I-25 Acceleration/De-Acceleration Lane from Garden of the Gods Road to Fillmore-148972","type":"Paving Operations","roads":"I-25N","chain_law":false,"closure":true,"pass_relevant":false,"observed":"2026-10-02T23:06:48.774Z","source":"planned"}},{"type":"Feature","geometry":{"type":"Point","coordinates":[-105.49159,39.842729]},"properties":{"id":"OpenTMS-Event35484623502","title":"CO 46 Resurfacing-148461","type":"Sign Work","roads":"CO-46E","chain_law":false,"closure":false,"pass_relevant":false,"observed":"2026-09-30T13:05:45.124Z","source":"planned"}},{"type":"Feature","geometry":{"type":"Point","coordinates":[-104.699362,39.740098]},"properties":{"id":"OpenTMS-Event35575716242","title":"I-70 Aerotropolis Interchange-146673","type":"Bridge Construction","roads":"I-70E","chain_law":false,"closure":true,"pass_relevant":true,"observed":"2026-10-05T20:54:23.318Z","source":"planned"}},{"type":"Feature","geometry":{"type":"Point","coordinates":[-105.49159,39.842729]},"properties":{"id":"OpenTMS-Event35503940958","title":"CO 46 Resurfacing-148457","type":"Sign Work","roads":"CO-46W","chain_law":false,"closure":false,"pass_relevant":false,"observed":"2026-10-01T13:01:46.563Z","source":"planned"}},{"type":"Feature","geometry":{"type":"Point","coordinates":[-106.10144,39.589255]},"properties":{"id":"OpenTMS-Event35583588889","title":"I-70 Exit 203-149069","type":"Road Construction","roads":"I-70E","chain_law":false,"closure":true,"pass_relevant":true,"observed":"2026-10-05T15:52:51.172Z","source":"planned"}},{"type":"Feature","geometry":{"type":"Point","coordinates":[-103.800715,40.305171]},"properties":{"id":"OpenTMS-Event35508114489","title":"CO 52 Resurfacing-148762","type":"Paving Operations","roads":"CO-52E","chain_law":false,"closure":false,"pass_relevant":false,"observed":"2026-10-01T18:06:24.682Z","source":"planned"}},{"type":"Feature","geometry":{"type":"Point","coordinates":[-104.999655,39.740217]},"properties":{"id":"OpenTMS-Event35517734560","title":"Colfax Downtown Rail Reconstruction -148281","type":"Road Construction","roads":"US-40W","chain_law":false,"closure":true,"pass_relevant":false,"observed":"2026-10-02T06:03:10.536Z","source":"planned"}},{"type":"Feature","geometry":{"type":"Point","coordinates":[-104.972849,40.087689]},"properties":{"id":"OpenTMS-Event35565528198","title":"CO 52 Resurfacing-149007","type":"Road Construction","roads":"CO-52E","chain_law":false,"closure":false,"pass_relevant":false,"observed":"2026-10-04T17:33:59.977Z","source":"planned"}},{"type":"Feature","geometry":{"type":"Point","coordinates":[-104.859971,39.081324]},"properties":{"id":"OpenTMS-Event35519372098","title":"Statewide Scales-148747","type":"Road Construction","roads":"I-25N","chain_law":false,"closure":true,"pass_relevant":false,"observed":"2026-10-02T08:04:48.410Z","source":"planned"}},{"type":"Feature","geometry":{"type":"Point","coordinates":[-104.605254,38.284988]},"properties":{"id":"OpenTMS-Event35533829657","title":"I-25/US 50 Interchange Project-148835","type":"Road Construction","roads":"I-25N","chain_law":false,"closure":true,"pass_relevant":false,"observed":"2026-10-05T18:48:29.899Z","source":"planned"}},{"type":"Feature","geometry":{"type":"Point","coordinates":[-107.19681,39.586486]},"properties":{"id":"OpenTMS-Event35503935560","title":"I-70 Glenwood Canyon Bridge Joint Improvements-148520","type":"Bridge Construction","roads":"I-70W","chain_law":false,"closure":true,"pass_relevant":true,"observed":"2026-10-01T13:01:39.946Z","source":"planned"}},{"type":"Feature","geometry":{"type":"Point","coordinates":[-104.859971,39.081324]},"properties":{"id":"OpenTMS-Event35515701829","title":"Statewide Scales-148745","type":"Road Construction","roads":"I-25N","chain_law":false,"closure":true,"pass_relevant":false,"observed":"2026-10-02T03:32:32.569Z","source":"planned"}},{"type":"Feature","geometry":{"type":"Point","coordinates":[-104.699362,39.740098]},"properties":{"id":"OpenTMS-Event35556374543","title":"I-70 Aerotropolis Interchange-146672","type":"Bridge Construction","roads":"I-70E","chain_law":false,"closure":true,"pass_relevant":true,"observed":"2026-10-05T20:54:21.718Z","source":"planned"}},{"type":"Feature","geometry":{"type":"Point","coordinates":[-104.987821,39.827467]},"properties":{"id":"OpenTMS-Event35505572718","title":"US 36 & I-270 Bridge Preventative Maintenance-148681","type":"Bridge Maintenance Operations","roads":"US-36E","chain_law":false,"closure":true,"pass_relevant":true,"observed":"2026-10-01T15:03:47.180Z","source":"planned"}},{"type":"Feature","geometry":{"type":"Point","coordinates":[-104.999655,39.740217]},"properties":{"id":"OpenTMS-Event35575783689","title":"Colfax Downtown Rail Reconstruction -148284","type":"Road Construction","roads":"US-40W","chain_law":false,"closure":true,"pass_relevant":false,"observed":"2026-10-05T06:06:11.014Z","source":"planned"}},{"type":"Feature","geometry":{"type":"Point","coordinates":[-107.615917,37.047667]},"properties":{"id":"OpenTMS-Event35509948181","title":"Southwest CO Culvert Repairs-148804","type":"Culvert Maintenance","roads":"CO-172E","chain_law":false,"closure":false,"pass_relevant":false,"observed":"2026-10-01T20:29:17.058Z","source":"planned"}},{"type":"Feature","geometry":{"type":"Point","coordinates":[-104.910987,39.639744]},"properties":{"id":"OpenTMS-Event35509331853","title":"I-225 Bottleneck Mitigation -148793","type":"Road Construction","roads":"I-25S","chain_law":false,"closure":true,"pass_relevant":false,"observed":"2026-10-01T19:37:12.004Z","source":"planned"}},{"type":"Feature","geometry":{"type":"Point","coordinates":[-104.833617,38.86722]},"properties":{"id":"OpenTMS-Event35531459595","title":"I-25 Acceleration/De-Acceleration Lane from Garden of the Gods Road to Fillmore-148980","type":"Paving Operations","roads":"I-25S","chain_law":false,"closure":true,"pass_relevant":false,"observed":"2026-10-02T23:06:52.191Z","source":"planned"}},{"type":"Feature","geometry":{"type":"Point","coordinates":[-107.196739,39.586409]},"properties":{"id":"OpenTMS-Event35589682458","title":"Hanging Lake Tunnel Repair-149114","type":"Tunnel Maintenance","roads":"I-70E","chain_law":false,"closure":false,"pass_relevant":false,"observed":"2026-10-05T23:25:18.519Z","source":"planned"}},{"type":"Feature","geometry":{"type":"Point","coordinates":[-108.544317,39.115245]},"properties":{"id":"OpenTMS-Event35507091059","title":"Paving Operations-148498","type":"Paving Operations","roads":"I-70E","chain_law":false,"closure":true,"pass_relevant":false,"observed":"2026-10-02T15:09:43.617Z","source":"planned"}},{"type":"Feature","geometry":{"type":"Point","coordinates":[-105.443362,39.74384]},"properties":{"id":"OpenTMS-Event35528603944","title":"I-70 Floyd Hill Project - WO 10/4-148926","type":"Road Construction","roads":"I-70W","chain_law":false,"closure":false,"pass_relevant":true,"observed":"2026-10-06T20:02:23.236Z","source":"planned"}},{"type":"Feature","geometry":{"type":"Point","coordinates":[-105.237708,39.985813]},"properties":{"id":"OpenTMS-Event35505919905","title":"Boulder Traffic Signals-148700","type":"Traffic Sign Maintenance","roads":"TABLE MESA DR","chain_law":false,"closure":false,"pass_relevant":false,"observed":"2026-10-01T15:29:46.915Z","source":"planned"}},{"type":"Feature","geometry":{"type":"Point","coordinates":[-105.293969,39.742238]},"properties":{"id":"OpenTMS-Event35488383471","title":"Work Element Highway US 6-148581","type":"Road Construction","roads":"US-6E","chain_law":false,"closure":true,"pass_relevant":false,"observed":"2026-09-30T17:46:00.326Z","source":"planned"}},{"type":"Feature","geometry":{"type":"Point","coordinates":[-104.849425,39.740091]},"properties":{"id":"OpenTMS-Event34996109631","title":"East Colfax BRT Oswega St to Scranton St-145925","type":"Road Construction","roads":"US-40E","chain_law":false,"closure":false,"pass_relevant":false,"observed":"2026-10-01T20:34:09.075Z","source":"planned"}},{"type":"Feature","geometry":{"type":"Point","coordinates":[-105.028843,39.573336]},"properties":{"id":"OpenTMS-Event35575716278","title":"Santa Fe Drive Mineral Ave Operational Improvements-145448","type":"Other","roads":"US-85S","chain_law":false,"closure":true,"pass_relevant":false,"observed":"2026-10-05T06:01:14.131Z","source":"planned"}},{"type":"Feature","geometry":{"type":"Point","coordinates":[-105.293969,39.742238]},"properties":{"id":"OpenTMS-Event35503595961","title":"Work Element Highway US 6-148582","type":"Road Construction","roads":"US-6E","chain_law":false,"closure":true,"pass_relevant":false,"observed":"2026-10-01T12:36:09.364Z","source":"planned"}},{"type":"Feature","geometry":{"type":"Point","coordinates":[-106.305339,39.643549]},"properties":{"id":"OpenTMS-Event35614338142","title":"I-70 West Vail Pass – Lane & Shoulder Closures-148586","type":"Road Construction","roads":"I-70W","chain_law":false,"closure":true,"pass_relevant":true,"observed":"2026-10-07T06:02:42.356Z","source":"planned"}},{"type":"Feature","geometry":{"type":"Point","coordinates":[-106.10144,39.589255]},"properties":{"id":"OpenTMS-Event35583589250","title":"I-70 Exit 203-149065","type":"Road Construction","roads":"I-70E","chain_law":false,"closure":true,"pass_relevant":true,"observed":"2026-10-05T15:52:48.670Z","source":"planned"}},{"type":"Feature","geometry":{"type":"Point","coordinates":[-104.967634,39.779871]},"properties":{"id":"OpenTMS-Event35573608482","title":"Maintenance Activities-149015","type":"Striping Operations","roads":"I-70E","chain_law":false,"closure":true,"pass_relevant":false,"observed":"2026-10-05T03:54:44.466Z","source":"planned"}},{"type":"Feature","geometry":{"type":"Point","coordinates":[-104.699361,39.740231]},"properties":{"id":"OpenTMS-Event35595045669","title":"I-70 Aerotropolis Interchange-146705","type":"Bridge Construction","roads":"I-70W","chain_law":false,"closure":true,"pass_relevant":true,"observed":"2026-10-06T06:05:02.821Z","source":"planned"}},{"type":"Feature","geometry":{"type":"Point","coordinates":[-104.984017,38.251502]},"properties":{"id":"OpenTMS-Event35510618689","title":"Timber Bridge Rehabilitation -148849","type":"Road Construction","roads":"CO-96E","chain_law":false,"closure":false,"pass_relevant":false,"observed":"2026-10-01T21:19:17.086Z","source":"planned"}},{"type":"Feature","geometry":{"type":"Point","coordinates":[-104.699361,39.740231]},"properties":{"id":"OpenTMS-Event35498324595","title":"I-70 Aerotropolis Interchange-146700","type":"Bridge Construction","roads":"I-70W","chain_law":false,"closure":true,"pass_relevant":true,"observed":"2026-10-05T20:54:19.595Z","source":"planned"}},{"type":"Feature","geometry":{"type":"Point","coordinates":[-108.567852,39.065351]},"properties":{"id":"OpenTMS-Event35509265147","title":"I-70B East of Third Street Reconstruction-148786","type":"Road Construction","roads":"CO-70E","chain_law":false,"closure":true,"pass_relevant":false,"observed":"2026-10-01T19:32:15.464Z","source":"planned"}},{"type":"Feature","geometry":{"type":"Point","coordinates":[-107.163864,39.601883]},"properties":{"id":"OpenTMS-Event35503934721","title":"I-70 Glenwood Canyon Bridge Joint Improvements-148506","type":"Bridge Construction","roads":"I-70E","chain_law":false,"closure":true,"pass_relevant":true,"observed":"2026-10-01T13:01:39.140Z","source":"planned"}},{"type":"Feature","geometry":{"type":"Point","coordinates":[-105.0555,39.914254]},"properties":{"id":"OpenTMS-Event35532556942","title":"US 287 Improvements - Broomfield-148997","type":"Road Construction","roads":"US-287N","chain_law":false,"closure":false,"pass_relevant":false,"observed":"2026-10-03T00:28:56.877Z","source":"planned"}},{"type":"Feature","geometry":{"type":"Point","coordinates":[-105.266408,40.870451]},"properties":{"id":"OpenTMS-Event35354123039","title":"US 287 Intersection Improvements-147696","type":"Road Construction","roads":"US-287N","chain_law":false,"closure":true,"pass_relevant":true,"observed":"2026-10-01T16:44:51.814Z","source":"planned"}},{"type":"Feature","geometry":{"type":"Point","coordinates":[-105.091787,39.917616]},"properties":{"id":"OpenTMS-Event35474925539","title":"US 287 Improvements - Broomfield-148483","type":"Road Construction","roads":"CO-121S","chain_law":false,"closure":false,"pass_relevant":false,"observed":"2026-09-30T01:06:01.790Z","source":"planned"}},{"type":"Feature","geometry":{"type":"Point","coordinates":[-107.379649,40.506923]},"properties":{"id":"OpenTMS-Event35505153283","title":"US 40 Milner Resurfacing-147524","type":"Road Construction","roads":"US-40W","chain_law":false,"closure":false,"pass_relevant":false,"observed":"2026-10-01T14:32:40.400Z","source":"planned"}},{"type":"Feature","geometry":{"type":"Point","coordinates":[-107.674054,38.030423]},"properties":{"id":"OpenTMS-Event35583370338","title":"Ouray Ped Improvements -149049","type":"Road Construction","roads":"US-550S","chain_law":false,"closure":true,"pass_relevant":false,"observed":"2026-10-05T15:31:37.342Z","source":"planned"}},{"type":"Feature","geometry":{"type":"Point","coordinates":[-104.436877,39.026242]},"properties":{"id":"OpenTMS-Event35511309024","title":"New Project: 26310 - US 24 Resurfacing from Peyton to Calhan-148893","type":"Paving Operations","roads":"US-24W","chain_law":false,"closure":false,"pass_relevant":false,"observed":"2026-10-01T22:04:47.456Z","source":"planned"}},{"type":"Feature","geometry":{"type":"Point","coordinates":[-105.87528,39.995514]},"properties":{"id":"OpenTMS-Event35507027651","title":"Road Construction-148647","type":"Road Construction","roads":"US-40E","chain_law":false,"closure":false,"pass_relevant":false,"observed":"2026-10-01T16:45:05.178Z","source":"planned"}},{"type":"Feature","geometry":{"type":"Point","coordinates":[-104.980328,40.318422]},"properties":{"id":"OpenTMS-Event21634538916","title":"I-25 North Express Lanes Widening Segment 5-89185","type":"Road Construction","roads":"I-25S","chain_law":false,"closure":true,"pass_relevant":true,"observed":"2026-10-06T19:52:15.387Z","source":"planned"}},{"type":"Feature","geometry":{"type":"Point","coordinates":[-105.810795,39.691922]},"properties":{"id":"OpenTMS-Event35511041593","title":"R3 - I-70 Chain Station Technology & Communications Upgrades-148867","type":"Other","roads":"I-70W","chain_law":true,"closure":true,"pass_relevant":true,"observed":"2026-10-01T21:49:51.626Z","source":"planned"}},{"type":"Feature","geometry":{"type":"Point","coordinates":[-107.675511,38.017869]},"properties":{"id":"OpenTMS-Event35465206656","title":"Ouray Ped Improvements -148230","type":"Road Construction","roads":"US-550N","chain_law":false,"closure":true,"pass_relevant":false,"observed":"2026-10-05T15:31:31.271Z","source":"planned"}},{"type":"Feature","geometry":{"type":"Point","coordinates":[-105.612759,38.26572]},"properties":{"id":"OpenTMS-Event35563872067","title":"CO 69 Resurfacing Hillside to Texas Creek-148547","type":"Paving Operations","roads":"CO-69N","chain_law":false,"closure":false,"pass_relevant":false,"observed":"2026-10-04T15:21:40.551Z","source":"planned"}},{"type":"Feature","geometry":{"type":"Point","coordinates":[-106.964908,39.653831]},"properties":{"id":"OpenTMS-Event35525079703","title":"Paving Operations-148635","type":"Paving Operations","roads":"I-70E","chain_law":false,"closure":true,"pass_relevant":false,"observed":"2026-10-02T15:09:55.652Z","source":"planned"}},{"type":"Feature","geometry":{"type":"Point","coordinates":[-104.992706,39.680982]},"properties":{"id":"OpenTMS-Event35498324054","title":"US 85 & West Jewell Ave-147310","type":"Bridge Construction","roads":"US-85S","chain_law":false,"closure":false,"pass_relevant":false,"observed":"2026-10-01T06:05:28.850Z","source":"planned"}},{"type":"Feature","geometry":{"type":"Point","coordinates":[-104.995906,40.539275]},"properties":{"id":"OpenTMS-Event35527512965","title":"CTIO (I-25 SB) Mobile Shoulder Closure Notification-148949","type":"Other","roads":"I-25S","chain_law":false,"closure":true,"pass_relevant":false,"observed":"2026-10-02T18:11:56.119Z","source":"planned"}},{"type":"Feature","geometry":{"type":"Point","coordinates":[-104.999655,39.740217]},"properties":{"id":"OpenTMS-Event35478958811","title":"Colfax Downtown Rail Reconstruction -148279","type":"Road Construction","roads":"US-40W","chain_law":false,"closure":true,"pass_relevant":false,"observed":"2026-09-30T06:05:22.998Z","source":"planned"}},{"type":"Feature","geometry":{"type":"Point","coordinates":[-107.19681,39.586486]},"properties":{"id":"OpenTMS-Event35600654072","title":"I-70 Glenwood Canyon Bridge Joint Improvements-148522","type":"Bridge Construction","roads":"I-70W","chain_law":false,"closure":true,"pass_relevant":true,"observed":"2026-10-06T13:01:54.852Z","source":"planned"}},{"type":"Feature","geometry":{"type":"Point","coordinates":[-105.14452,39.584541]},"properties":{"id":"OpenTMS-Event35583236868","title":"C-470 Resurfacing-149020","type":"Road Construction","roads":"CO-470W","chain_law":false,"closure":false,"pass_relevant":false,"observed":"2026-10-05T15:26:41.679Z","source":"planned"}},{"type":"Feature","geometry":{"type":"Point","coordinates":[-105.237708,39.985813]},"properties":{"id":"OpenTMS-Event35505919922","title":"Boulder Traffic Signals-148701","type":"Traffic Sign Maintenance","roads":"TABLE MESA DR","chain_law":false,"closure":false,"pass_relevant":false,"observed":"2026-10-01T15:29:47.350Z","source":"planned"}},{"type":"Feature","geometry":{"type":"Point","coordinates":[-106.272835,39.05573]},"properties":{"id":"OpenTMS-Event35506956982","title":"Paving Operations-148728","type":"Paving Operations","roads":"US-24E","chain_law":false,"closure":false,"pass_relevant":false,"observed":"2026-10-01T16:39:55.402Z","source":"planned"}},{"type":"Feature","geometry":{"type":"Point","coordinates":[-106.333351,39.313244]},"properties":{"id":"OpenTMS-Event35525079401","title":"Road Construction-148825","type":"Road Construction","roads":"US-24E","chain_law":false,"closure":false,"pass_relevant":false,"observed":"2026-10-02T15:09:50.612Z","source":"planned"}},{"type":"Feature","geometry":{"type":"Point","coordinates":[-104.757966,39.477557]},"properties":{"id":"OpenTMS-Event35602284683","title":"Parker Sidewalks-148964","type":"Other","roads":"CO-83N","chain_law":false,"closure":true,"pass_relevant":false,"observed":"2026-10-06T15:03:37.892Z","source":"planned"}},{"type":"Feature","geometry":{"type":"Point","coordinates":[-108.360304,39.106132]},"properties":{"id":"OpenTMS-Event35586797062","title":"US 6 Palisade Intersection Improvements-149109","type":"Road Construction","roads":"US-6W","chain_law":false,"closure":true,"pass_relevant":false,"observed":"2026-10-05T19:49:05.860Z","source":"planned"}},{"type":"Feature","geometry":{"type":"Point","coordinates":[-105.057664,39.914097]},"properties":{"id":"OpenTMS-Event35532557034","title":"US 287 Improvements - Broomfield-149001","type":"Road Construction","roads":"US-287S","chain_law":false,"closure":false,"pass_relevant":false,"observed":"2026-10-03T00:28:58.862Z","source":"planned"}},{"type":"Feature","geometry":{"type":"Point","coordinates":[-104.699361,39.740231]},"properties":{"id":"OpenTMS-Event35478952084","title":"I-70 Aerotropolis Interchange-146699","type":"Bridge Construction","roads":"I-70W","chain_law":false,"closure":true,"pass_relevant":true,"observed":"2026-10-05T20:54:18.767Z","source":"planned"}},{"type":"Feature","geometry":{"type":"Point","coordinates":[-104.699361,39.740231]},"properties":{"id":"OpenTMS-Event35459547346","title":"I-70 Aerotropolis Interchange-146698","type":"Bridge Construction","roads":"I-70W","chain_law":false,"closure":true,"pass_relevant":true,"observed":"2026-10-05T20:54:17.904Z","source":"planned"}},{"type":"Feature","geometry":{"type":"Point","coordinates":[-107.19681,39.586486]},"properties":{"id":"OpenTMS-Event35477044690","title":"I-70 Glenwood Canyon Bridge Joint Improvements-148518","type":"Bridge Construction","roads":"I-70W","chain_law":false,"closure":true,"pass_relevant":true,"observed":"2026-09-30T03:43:08.275Z","source":"planned"}},{"type":"Feature","geometry":{"type":"Point","coordinates":[-107.379649,40.506923]},"properties":{"id":"OpenTMS-Event35485785212","title":"US 40 Milner Resurfacing-147523","type":"Road Construction","roads":"US-40W","chain_law":false,"closure":false,"pass_relevant":false,"observed":"2026-09-30T14:32:14.777Z","source":"planned"}},{"type":"Feature","geometry":{"type":"Point","coordinates":[-104.837438,40.079996]},"properties":{"id":"OpenTMS-Event35565454901","title":"CO 52 Resurfacing-149005","type":"Bridge Repair","roads":"CO-52E","chain_law":false,"closure":true,"pass_relevant":false,"observed":"2026-10-04T17:33:57.551Z","source":"planned"}},{"type":"Feature","geometry":{"type":"Point","coordinates":[-105.428868,39.736104]},"properties":{"id":"OpenTMS-Event35528604128","title":"I-70 Floyd Hill Project - WO 10/4-148961","type":"Road Construction","roads":"US-40E","chain_law":false,"closure":false,"pass_relevant":true,"observed":"2026-10-06T20:02:25.671Z","source":"planned"}},{"type":"Feature","geometry":{"type":"Point","coordinates":[-107.674054,38.030423]},"properties":{"id":"OpenTMS-Event35583373253","title":"Ouray Ped Improvements -149052","type":"Road Construction","roads":"US-550S","chain_law":false,"closure":true,"pass_relevant":false,"observed":"2026-10-05T15:31:41.213Z","source":"planned"}},{"type":"Feature","geometry":{"type":"Point","coordinates":[-104.868365,39.537249]},"properties":{"id":"OpenTMS-Event33454131138","title":"I-25 Lone Tree Mobility Hub -136991","type":"Other","roads":"I-25N","chain_law":false,"closure":true,"pass_relevant":false,"observed":"2026-10-06T21:13:04.390Z","source":"planned"}},{"type":"Feature","geometry":{"type":"Point","coordinates":[-106.304065,39.642991]},"properties":{"id":"OpenTMS-Event35521757588","title":"I-70 West Vail Pass – Lane & Shoulder Closures-148572","type":"Road Construction","roads":"I-70W","chain_law":false,"closure":true,"pass_relevant":true,"observed":"2026-10-02T11:01:43.787Z","source":"planned"}},{"type":"Feature","geometry":{"type":"Point","coordinates":[-105.612759,38.26572]},"properties":{"id":"OpenTMS-Event35583230124","title":"CO 69 Resurfacing Hillside to Texas Creek-148548","type":"Paving Operations","roads":"CO-69N","chain_law":false,"closure":false,"pass_relevant":false,"observed":"2026-10-05T15:21:00.857Z","source":"planned"}},{"type":"Feature","geometry":{"type":"Point","coordinates":[-104.699361,39.740231]},"properties":{"id":"OpenTMS-Event35556374524","title":"I-70 Aerotropolis Interchange-146703","type":"Bridge Construction","roads":"I-70W","chain_law":false,"closure":true,"pass_relevant":true,"observed":"2026-10-05T20:54:21.313Z","source":"planned"}},{"type":"Feature","geometry":{"type":"Point","coordinates":[-105.090584,39.9207]},"properties":{"id":"OpenTMS-Event35470533093","title":"US 287 Improvements - Broomfield-148467","type":"Road Construction","roads":"US-287N","chain_law":false,"closure":false,"pass_relevant":false,"observed":"2026-09-29T19:39:19.117Z","source":"planned"}},{"type":"Feature","geometry":{"type":"Point","coordinates":[-103.544498,38.85065]},"properties":{"id":"OpenTMS-Event35523399669","title":"Paving Operations-148624","type":"Paving Operations","roads":"CO-94E","chain_law":false,"closure":false,"pass_relevant":false,"observed":"2026-10-02T13:04:12.937Z","source":"planned"}},{"type":"Feature","geometry":{"type":"Point","coordinates":[-105.49159,39.842729]},"properties":{"id":"OpenTMS-Event35467403246","title":"CO 46 Resurfacing-148455","type":"Sign Work","roads":"CO-46W","chain_law":false,"closure":false,"pass_relevant":false,"observed":"2026-09-29T15:46:46.644Z","source":"planned"}},{"type":"Feature","geometry":{"type":"Point","coordinates":[-104.699361,39.740231]},"properties":{"id":"OpenTMS-Event35614338781","title":"I-70 Aerotropolis Interchange-146706","type":"Bridge Construction","roads":"I-70W","chain_law":false,"closure":true,"pass_relevant":true,"observed":"2026-10-07T06:03:01.298Z","source":"planned"}},{"type":"Feature","geometry":{"type":"Point","coordinates":[-108.566108,39.066353]},"properties":{"id":"OpenTMS-Event35509265116","title":"I-70B East of Third Street Reconstruction-148789","type":"Road Construction","roads":"4TH ST","chain_law":false,"closure":false,"pass_relevant":false,"observed":"2026-10-01T19:32:14.733Z","source":"planned"}},{"type":"Feature","geometry":{"type":"Point","coordinates":[-105.002826,39.74016]},"properties":{"id":"OpenTMS-Event35466851577","title":"Colfax Downtown Rail Reconstruction - 7th & 9th-148330","type":"Road Construction","roads":"US-40W","chain_law":false,"closure":false,"pass_relevant":false,"observed":"2026-09-29T15:05:54.208Z","source":"planned"}},{"type":"Feature","geometry":{"type":"Point","coordinates":[-105.612759,38.26572]},"properties":{"id":"OpenTMS-Event35503941006","title":"CO 69 Resurfacing Hillside to Texas Creek-148541","type":"Paving Operations","roads":"CO-69N","chain_law":false,"closure":false,"pass_relevant":false,"observed":"2026-10-01T13:01:48.101Z","source":"planned"}},{"type":"Feature","geometry":{"type":"Point","coordinates":[-103.668529,39.264796]},"properties":{"id":"OpenTMS-Event34844700254","title":"25058  I-70 Rural Bridge Rehabilitation from Limon to Flagler-145287","type":"Bridge Repair","roads":"I-70E","chain_law":false,"closure":true,"pass_relevant":true,"observed":"2026-08-28T16:19:42.233Z","source":"planned"}},{"type":"Feature","geometry":{"type":"Point","coordinates":[-106.304065,39.642991]},"properties":{"id":"OpenTMS-Event35488383163","title":"I-70 West Vail Pass – Lane & Shoulder Closures-148570","type":"Road Construction","roads":"I-70W","chain_law":false,"closure":true,"pass_relevant":true,"observed":"2026-09-30T17:45:52.995Z","source":"planned"}},{"type":"Feature","geometry":{"type":"Point","coordinates":[-104.970632,38.906237]},"properties":{"id":"OpenTMS-Event35289748105","title":"Sidewalk/Trail Install -146975","type":"Road Construction","roads":"US-24E","chain_law":false,"closure":true,"pass_relevant":false,"observed":"2026-09-20T13:05:11.658Z","source":"planned"}},{"type":"Feature","geometry":{"type":"Point","coordinates":[-106.251778,37.069148]},"properties":{"id":"OpenTMS-Event35583715158","title":"CO 17 paving -149092","type":"Paving Operations","roads":"CO-17N","chain_law":false,"closure":true,"pass_relevant":false,"observed":"2026-10-05T15:57:23.831Z","source":"planned"}},{"type":"Feature","geometry":{"type":"Point","coordinates":[-103.883853,37.720799]},"properties":{"id":"OpenTMS-Event35504691906","title":"US 350 Resurfacing Otero County-148678","type":"Paving Operations","roads":"US-350E","chain_law":false,"closure":false,"pass_relevant":false,"observed":"2026-10-01T13:57:52.628Z","source":"planned"}},{"type":"Feature","geometry":{"type":"Point","coordinates":[-103.268901,40.544571]},"properties":{"id":"OpenTMS-Event35506890145","title":"US 6 Resurfacing Between Sterling and Atwood-148722","type":"Paving Operations","roads":"US-6E","chain_law":false,"closure":true,"pass_relevant":false,"observed":"2026-10-01T16:34:46.204Z","source":"planned"}},{"type":"Feature","geometry":{"type":"Point","coordinates":[-107.674054,38.030423]},"properties":{"id":"OpenTMS-Event35600660777","title":"Ouray Ped Improvements -149054","type":"Road Construction","roads":"US-550S","chain_law":false,"closure":true,"pass_relevant":false,"observed":"2026-10-06T13:02:24.997Z","source":"planned"}},{"type":"Feature","geometry":{"type":"Point","coordinates":[-104.436877,39.026242]},"properties":{"id":"OpenTMS-Event35511308942","title":"New Project: 26310 - US 24 Resurfacing from Peyton to Calhan-148888","type":"Paving Operations","roads":"US-24E","chain_law":false,"closure":false,"pass_relevant":false,"observed":"2026-10-01T22:04:45.681Z","source":"planned"}},{"type":"Feature","geometry":{"type":"Point","coordinates":[-104.67005,37.495169]},"properties":{"id":"OpenTMS-Event35586387625","title":"R2 Pavement Marking-149106","type":"Striping Operations","roads":"I-25N","chain_law":false,"closure":false,"pass_relevant":false,"observed":"2026-10-05T19:18:16.965Z","source":"planned"}},{"type":"Feature","geometry":{"type":"Point","coordinates":[-106.304188,39.642831]},"properties":{"id":"OpenTMS-Event35595038785","title":"I-70 West Vail Pass – Lane & Shoulder Closures-148591","type":"Road Construction","roads":"I-70E","chain_law":false,"closure":true,"pass_relevant":true,"observed":"2026-10-06T06:04:17.514Z","source":"planned"}},{"type":"Feature","geometry":{"type":"Point","coordinates":[-104.868625,39.537248]},"properties":{"id":"OpenTMS-Event33454131114","title":"I-25 Lone Tree Mobility Hub -137023","type":"Other","roads":"I-25S","chain_law":false,"closure":false,"pass_relevant":false,"observed":"2026-10-06T21:13:02.718Z","source":"planned"}},{"type":"Feature","geometry":{"type":"Point","coordinates":[-105.293969,39.742238]},"properties":{"id":"OpenTMS-Event35488383334","title":"Work Element Highway US 6-148577","type":"Road Construction","roads":"US-6E","chain_law":false,"closure":false,"pass_relevant":false,"observed":"2026-09-30T17:45:58.334Z","source":"planned"}},{"type":"Feature","geometry":{"type":"Point","coordinates":[-104.950534,39.780118]},"properties":{"id":"OpenTMS-Event35573546228","title":"Maintenance Activities-149017","type":"Tunnel Maintenance","roads":"I-70W","chain_law":false,"closure":true,"pass_relevant":false,"observed":"2026-10-05T03:54:47.704Z","source":"planned"}},{"type":"Feature","geometry":{"type":"Point","coordinates":[-104.873485,38.360558]},"properties":{"id":"OpenTMS-Event35507024503","title":"Road Construction-148627","type":"Road Construction","roads":"US-50E","chain_law":false,"closure":true,"pass_relevant":false,"observed":"2026-10-01T16:45:00.999Z","source":"planned"}},{"type":"Feature","geometry":{"type":"Point","coordinates":[-104.848192,39.595134]},"properties":{"id":"OpenTMS-Event35525955609","title":"Arapahoe Road Lone Tree Creek Trail Underpass-148942","type":"Other","roads":"CO-88W","chain_law":false,"closure":true,"pass_relevant":false,"observed":"2026-10-02T16:15:19.023Z","source":"planned"}},{"type":"Feature","geometry":{"type":"Point","coordinates":[-105.028843,39.573336]},"properties":{"id":"OpenTMS-Event35556374560","title":"Santa Fe Drive Mineral Ave Operational Improvements-145447","type":"Other","roads":"US-85S","chain_law":false,"closure":true,"pass_relevant":false,"observed":"2026-10-04T06:04:54.116Z","source":"planned"}},{"type":"Feature","geometry":{"type":"Point","coordinates":[-106.10144,39.589255]},"properties":{"id":"OpenTMS-Event35583589012","title":"I-70 Exit 203-149070","type":"Road Construction","roads":"I-70E","chain_law":false,"closure":true,"pass_relevant":true,"observed":"2026-10-05T15:52:51.606Z","source":"planned"}},{"type":"Feature","geometry":{"type":"Point","coordinates":[-104.609584,38.294932]},"properties":{"id":"OpenTMS-Event35585989304","title":"I-25/US 50 Interchange Project-149104","type":"Road Construction","roads":"I-25N","chain_law":false,"closure":true,"pass_relevant":false,"observed":"2026-10-05T18:48:31.710Z","source":"planned"}},{"type":"Feature","geometry":{"type":"Point","coordinates":[-104.833272,38.867223]},"properties":{"id":"OpenTMS-Event35531459446","title":"I-25 Acceleration/De-Acceleration Lane from Garden of the Gods Road to Fillmore-148974","type":"Paving Operations","roads":"I-25N","chain_law":false,"closure":true,"pass_relevant":false,"observed":"2026-10-02T23:06:49.754Z","source":"planned"}},{"type":"Feature","geometry":{"type":"Point","coordinates":[-104.868293,39.536212]},"properties":{"id":"OpenTMS-Event34693816552","title":"I-25 Lone Tree Mobility Hub -144044","type":"Other","roads":"I-25N","chain_law":false,"closure":false,"pass_relevant":false,"observed":"2026-10-06T21:13:07.356Z","source":"planned"}},{"type":"Feature","geometry":{"type":"Point","coordinates":[-105.430982,39.737656]},"properties":{"id":"OpenTMS-Event35606294287","title":"I-70 Floyd Hill Project - WO 10/4-149124","type":"Road Construction","roads":"I-70W","chain_law":false,"closure":true,"pass_relevant":true,"observed":"2026-10-06T20:02:26.958Z","source":"planned"}},{"type":"Feature","geometry":{"type":"Point","coordinates":[-104.849425,39.740091]},"properties":{"id":"OpenTMS-Event35510095875","title":"East Colfax Peoria Station-148810","type":"Road Construction","roads":"US-40E","chain_law":false,"closure":true,"pass_relevant":false,"observed":"2026-10-01T20:34:10.711Z","source":"planned"}},{"type":"Feature","geometry":{"type":"Point","coordinates":[-104.436877,39.026242]},"properties":{"id":"OpenTMS-Event35511308993","title":"New Project: 26310 - US 24 Resurfacing from Peyton to Calhan-148891","type":"Paving Operations","roads":"US-24W","chain_law":false,"closure":false,"pass_relevant":false,"observed":"2026-10-01T22:04:46.737Z","source":"planned"}},{"type":"Feature","geometry":{"type":"Point","coordinates":[-104.922399,39.77845]},"properties":{"id":"OpenTMS-Event35573808831","title":"Maintenance Activities-149018","type":"Striping Operations","roads":"I-70W","chain_law":false,"closure":true,"pass_relevant":false,"observed":"2026-10-05T03:54:48.168Z","source":"planned"}},{"type":"Feature","geometry":{"type":"Point","coordinates":[-107.036952,37.272958]},"properties":{"id":"OpenTMS-Event35600654008","title":"US 160 Pagosa Springs Reconstruction-147591","type":"Road Construction","roads":"US-160W","chain_law":false,"closure":false,"pass_relevant":false,"observed":"2026-10-06T13:01:49.052Z","source":"planned"}},{"type":"Feature","geometry":{"type":"Point","coordinates":[-105.443362,39.74384]},"properties":{"id":"OpenTMS-Event35528603898","title":"I-70 Floyd Hill Project - WO 10/4-148924","type":"Road Construction","roads":"I-70W","chain_law":false,"closure":false,"pass_relevant":true,"observed":"2026-10-06T20:02:22.296Z","source":"planned"}},{"type":"Feature","geometry":{"type":"Point","coordinates":[-103.800715,40.305171]},"properties":{"id":"OpenTMS-Event35508114464","title":"CO 52 Resurfacing-148761","type":"Paving Operations","roads":"CO-52E","chain_law":false,"closure":false,"pass_relevant":false,"observed":"2026-10-01T18:06:24.155Z","source":"planned"}},{"type":"Feature","geometry":{"type":"Point","coordinates":[-105.081479,39.761964]},"properties":{"id":"OpenTMS-Event35505572701","title":"Wadsworth Path construction – Wadsworth between 32nd and 35th-148684","type":"Road Construction","roads":"CO-121S","chain_law":false,"closure":true,"pass_relevant":false,"observed":"2026-10-01T15:03:45.789Z","source":"planned"}},{"type":"Feature","geometry":{"type":"Point","coordinates":[-107.163864,39.601883]},"properties":{"id":"OpenTMS-Event35600654055","title":"I-70 Glenwood Canyon Bridge Joint Improvements-148508","type":"Bridge Construction","roads":"I-70E","chain_law":false,"closure":true,"pass_relevant":true,"observed":"2026-10-06T13:01:53.767Z","source":"planned"}},{"type":"Feature","geometry":{"type":"Point","coordinates":[-105.489502,40.373247]},"properties":{"id":"OpenTMS-Event35583587253","title":"US 36 cameras -149062","type":"IT or Fiber Optics","roads":"US-36W","chain_law":false,"closure":true,"pass_relevant":false,"observed":"2026-10-05T15:47:41.848Z","source":"planned"}},{"type":"Feature","geometry":{"type":"Point","coordinates":[-103.544498,38.85065]},"properties":{"id":"OpenTMS-Event35507024435","title":"Paving Operations-148623","type":"Paving Operations","roads":"CO-94E","chain_law":false,"closure":false,"pass_relevant":false,"observed":"2026-10-01T16:44:59.479Z","source":"planned"}},{"type":"Feature","geometry":{"type":"Point","coordinates":[-103.681137,37.886799]},"properties":{"id":"OpenTMS-Event35605409605","title":"US 350 Resurfacing Otero County-149118","type":"Paving Operations","roads":"US-350W","chain_law":false,"closure":false,"pass_relevant":false,"observed":"2026-10-06T18:56:29.298Z","source":"planned"}},{"type":"Feature","geometry":{"type":"Point","coordinates":[-105.172376,40.758847]},"properties":{"id":"OpenTMS-Event35211586882","title":"US 287 Intersection Improvements-144825","type":"Road Construction","roads":"US-287N","chain_law":false,"closure":true,"pass_relevant":false,"observed":"2026-10-01T16:44:53.218Z","source":"planned"}},{"type":"Feature","geometry":{"type":"Point","coordinates":[-105.460524,39.74629]},"properties":{"id":"OpenTMS-Event35495067364","title":"I-70 Floyd Hill Project - WO 9/27-148643","type":"Road Construction","roads":"I-70E","chain_law":false,"closure":true,"pass_relevant":true,"observed":"2026-10-01T02:03:49.116Z","source":"planned"}},{"type":"Feature","geometry":{"type":"Point","coordinates":[-106.251778,37.069148]},"properties":{"id":"OpenTMS-Event35583715173","title":"CO 17 paving -149093","type":"Paving Operations","roads":"CO-17N","chain_law":false,"closure":true,"pass_relevant":false,"observed":"2026-10-05T15:57:24.180Z","source":"planned"}},{"type":"Feature","geometry":{"type":"Point","coordinates":[-105.109639,39.784137]},"properties":{"id":"OpenTMS-Event35369556560","title":"I-70 Bridge Repairs at Kipling & Garrison-147825","type":"Bridge Repair","roads":"I-70E","chain_law":false,"closure":true,"pass_relevant":true,"observed":"2026-10-01T17:51:07.475Z","source":"planned"}},{"type":"Feature","geometry":{"type":"Point","coordinates":[-105.460455,39.746457]},"properties":{"id":"OpenTMS-Event35528604178","title":"I-70 Floyd Hill Project - WO 10/4-148931","type":"Road Construction","roads":"I-70W","chain_law":false,"closure":false,"pass_relevant":true,"observed":"2026-10-06T20:02:26.560Z","source":"planned"}},{"type":"Feature","geometry":{"type":"Point","coordinates":[-104.833272,38.867223]},"properties":{"id":"OpenTMS-Event35535405047","title":"I-25 Acceleration/De-Acceleration Lane from Garden of the Gods Road to Fillmore-148975","type":"Paving Operations","roads":"I-25N","chain_law":false,"closure":true,"pass_relevant":false,"observed":"2026-10-03T04:01:39.520Z","source":"planned"}},{"type":"Feature","geometry":{"type":"Point","coordinates":[-105.149963,39.617606]},"properties":{"id":"OpenTMS-Event35508114394","title":"C-470 & Bowles Ave Interchange Improvements-148772","type":"Road Construction","roads":"CO-470E","chain_law":false,"closure":true,"pass_relevant":false,"observed":"2026-10-01T18:10:53.457Z","source":"planned"}},{"type":"Feature","geometry":{"type":"Point","coordinates":[-105.14452,39.584541]},"properties":{"id":"OpenTMS-Event35591783724","title":"C-470 Resurfacing-149021","type":"Road Construction","roads":"CO-470W","chain_law":false,"closure":false,"pass_relevant":false,"observed":"2026-10-06T02:02:32.338Z","source":"planned"}},{"type":"Feature","geometry":{"type":"Point","coordinates":[-104.848192,39.595134]},"properties":{"id":"OpenTMS-Event35525955590","title":"Arapahoe Road Lone Tree Creek Trail Underpass-148941","type":"Other","roads":"CO-88W","chain_law":false,"closure":true,"pass_relevant":false,"observed":"2026-10-02T16:15:17.557Z","source":"planned"}},{"type":"Feature","geometry":{"type":"Point","coordinates":[-105.091697,39.920704]},"properties":{"id":"OpenTMS-Event35474925469","title":"US 287 Improvements - Broomfield-148473","type":"Road Construction","roads":"US-287S","chain_law":false,"closure":false,"pass_relevant":false,"observed":"2026-09-30T01:06:00.782Z","source":"planned"}},{"type":"Feature","geometry":{"type":"Point","coordinates":[-108.544317,39.115245]},"properties":{"id":"OpenTMS-Event35507090971","title":"Paving Operations-148499","type":"Paving Operations","roads":"I-70E","chain_law":false,"closure":true,"pass_relevant":false,"observed":"2026-10-02T15:09:41.802Z","source":"planned"}},{"type":"Feature","geometry":{"type":"Point","coordinates":[-104.436877,39.026242]},"properties":{"id":"OpenTMS-Event35511308910","title":"New Project: 26310 - US 24 Resurfacing from Peyton to Calhan-148886","type":"Paving Operations","roads":"US-24E","chain_law":false,"closure":false,"pass_relevant":false,"observed":"2026-10-01T22:04:44.992Z","source":"planned"}},{"type":"Feature","geometry":{"type":"Point","coordinates":[-104.605254,38.284988]},"properties":{"id":"OpenTMS-Event35514542856","title":"I-25/US 50 Interchange Project-148834","type":"Road Construction","roads":"I-25N","chain_law":false,"closure":true,"pass_relevant":false,"observed":"2026-10-05T18:48:29.527Z","source":"planned"}},{"type":"Feature","geometry":{"type":"Point","coordinates":[-105.091558,39.917547]},"properties":{"id":"OpenTMS-Event35470600218","title":"US 287 Improvements - Broomfield-148477","type":"Road Construction","roads":"CO-121N","chain_law":false,"closure":false,"pass_relevant":false,"observed":"2026-09-29T19:44:26.936Z","source":"planned"}},{"type":"Feature","geometry":{"type":"Point","coordinates":[-105.398244,39.816103]},"properties":{"id":"OpenTMS-Event35484618089","title":"CO 46 Resurfacing-148446","type":"Paving Operations","roads":"CO-46E","chain_law":false,"closure":false,"pass_relevant":false,"observed":"2026-09-30T13:05:39.904Z","source":"planned"}},{"type":"Feature","geometry":{"type":"Point","coordinates":[-106.83311,39.656321]},"properties":{"id":"OpenTMS-Event35525079771","title":"Paving Operations-148831","type":"Paving Operations","roads":"I-70E","chain_law":false,"closure":true,"pass_relevant":true,"observed":"2026-10-02T15:09:58.789Z","source":"planned"}},{"type":"Feature","geometry":{"type":"Point","coordinates":[-105.398244,39.816103]},"properties":{"id":"OpenTMS-Event35467342736","title":"CO 46 Resurfacing-148450","type":"Paving Operations","roads":"CO-46W","chain_law":false,"closure":false,"pass_relevant":false,"observed":"2026-09-29T15:42:11.737Z","source":"planned"}},{"type":"Feature","geometry":{"type":"Point","coordinates":[-106.298511,39.270163]},"properties":{"id":"OpenTMS-Event35525079451","title":"Road Construction-148823","type":"Road Construction","roads":"US-24E","chain_law":false,"closure":false,"pass_relevant":false,"observed":"2026-10-02T15:09:51.778Z","source":"planned"}},{"type":"Feature","geometry":{"type":"Point","coordinates":[-107.379649,40.506923]},"properties":{"id":"OpenTMS-Event35582623427","title":"US 40 Milner Resurfacing-147526","type":"Road Construction","roads":"US-40W","chain_law":false,"closure":false,"pass_relevant":false,"observed":"2026-10-05T14:35:37.782Z","source":"planned"}},{"type":"Feature","geometry":{"type":"Point","coordinates":[-107.675511,38.017869]},"properties":{"id":"OpenTMS-Event35600660758","title":"Ouray Ped Improvements -148237","type":"Road Construction","roads":"US-550N","chain_law":false,"closure":true,"pass_relevant":false,"observed":"2026-10-06T13:02:23.537Z","source":"planned"}},{"type":"Feature","geometry":{"type":"Point","coordinates":[-106.304188,39.642831]},"properties":{"id":"OpenTMS-Event35575716387","title":"I-70 West Vail Pass – Lane & Shoulder Closures-148590","type":"Road Construction","roads":"I-70E","chain_law":false,"closure":true,"pass_relevant":true,"observed":"2026-10-05T06:01:36.176Z","source":"planned"}},{"type":"Feature","geometry":{"type":"Point","coordinates":[-106.10144,39.589255]},"properties":{"id":"OpenTMS-Event35583589284","title":"I-70 Exit 203-149067","type":"Road Construction","roads":"I-70E","chain_law":false,"closure":true,"pass_relevant":true,"observed":"2026-10-05T15:52:49.854Z","source":"planned"}},{"type":"Feature","geometry":{"type":"Point","coordinates":[-105.112731,39.784326]},"properties":{"id":"OpenTMS-Event35369557013","title":"I-70 Bridge Repairs at Kipling & Garrison-147832","type":"Bridge Repair","roads":"I-70W","chain_law":false,"closure":false,"pass_relevant":true,"observed":"2026-10-01T17:51:08.617Z","source":"planned"}},{"type":"Feature","geometry":{"type":"Point","coordinates":[-105.451921,39.743262]},"properties":{"id":"OpenTMS-Event35528601391","title":"I-70 Floyd Hill Project - WO 10/4-148911","type":"Road Construction","roads":"I-70E","chain_law":false,"closure":true,"pass_relevant":true,"observed":"2026-10-06T20:02:21.392Z","source":"planned"}},{"type":"Feature","geometry":{"type":"Point","coordinates":[-104.904776,39.629577]},"properties":{"id":"OpenTMS-Event35509331823","title":"I-225 Bottleneck Mitigation -148792","type":"Road Construction","roads":"I-25N","chain_law":false,"closure":true,"pass_relevant":false,"observed":"2026-10-01T19:37:11.469Z","source":"planned"}},{"type":"Feature","geometry":{"type":"Point","coordinates":[-103.883853,37.720799]},"properties":{"id":"OpenTMS-Event35504691953","title":"US 350 Resurfacing Otero County-148680","type":"Paving Operations","roads":"US-350E","chain_law":false,"closure":false,"pass_relevant":false,"observed":"2026-10-01T13:57:53.554Z","source":"planned"}},{"type":"Feature","geometry":{"type":"Point","coordinates":[-106.028635,38.521918]},"properties":{"id":"OpenTMS-Event34469746169","title":"City of Salida US 50 Sewer Infrastructure Improvement Project-140473","type":"Utility Installation","roads":"US-50E","chain_law":false,"closure":false,"pass_relevant":false,"observed":"2026-08-09T12:04:25.996Z","source":"planned"}},{"type":"Feature","geometry":{"type":"Point","coordinates":[-105.091697,39.920704]},"properties":{"id":"OpenTMS-Event35532556779","title":"US 287 Improvements - Broomfield-148990","type":"Road Construction","roads":"US-287S","chain_law":false,"closure":false,"pass_relevant":false,"observed":"2026-10-03T00:28:53.597Z","source":"planned"}},{"type":"Feature","geometry":{"type":"Point","coordinates":[-105.428868,39.736104]},"properties":{"id":"OpenTMS-Event35528604076","title":"I-70 Floyd Hill Project - WO 10/4-148959","type":"Road Construction","roads":"US-40E","chain_law":false,"closure":false,"pass_relevant":true,"observed":"2026-10-06T20:02:24.615Z","source":"planned"}},{"type":"Feature","geometry":{"type":"Point","coordinates":[-105.091697,39.920704]},"properties":{"id":"OpenTMS-Event35532556741","title":"US 287 Improvements - Broomfield-148988","type":"Road Construction","roads":"US-287S","chain_law":false,"closure":false,"pass_relevant":false,"observed":"2026-10-03T00:28:52.587Z","source":"planned"}},{"type":"Feature","geometry":{"type":"Point","coordinates":[-105.251807,39.665881]},"properties":{"id":"OpenTMS-Event35509612853","title":"CO 74 Resurfacing-148796","type":"Guardrail","roads":"CO-74E","chain_law":false,"closure":false,"pass_relevant":false,"observed":"2026-10-01T19:58:24.598Z","source":"planned"}},{"type":"Feature","geometry":{"type":"Point","coordinates":[-104.722462,38.82838]},"properties":{"id":"OpenTMS-Event35565588912","title":"Powers Airport Interchange-149008","type":"Road Construction","roads":"US-24E","chain_law":false,"closure":false,"pass_relevant":false,"observed":"2026-10-04T17:29:16.450Z","source":"planned"}},{"type":"Feature","geometry":{"type":"Point","coordinates":[-105.091787,39.917616]},"properties":{"id":"OpenTMS-Event35532556874","title":"US 287 Improvements - Broomfield-148995","type":"Road Construction","roads":"CO-121S","chain_law":false,"closure":false,"pass_relevant":false,"observed":"2026-10-03T00:28:55.854Z","source":"planned"}},{"type":"Feature","geometry":{"type":"Point","coordinates":[-104.699362,39.740098]},"properties":{"id":"OpenTMS-Event35537043773","title":"I-70 Aerotropolis Interchange-146671","type":"Bridge Construction","roads":"I-70E","chain_law":false,"closure":true,"pass_relevant":true,"observed":"2026-10-05T20:54:22.527Z","source":"planned"}},{"type":"Feature","geometry":{"type":"Point","coordinates":[-105.002826,39.74016]},"properties":{"id":"OpenTMS-Event35505566028","title":"Colfax Downtown Rail Reconstruction - 7th & 9th-148332","type":"Road Construction","roads":"US-40W","chain_law":false,"closure":false,"pass_relevant":false,"observed":"2026-10-01T15:03:21.355Z","source":"planned"}},{"type":"Feature","geometry":{"type":"Point","coordinates":[-105.78426,39.917746]},"properties":{"id":"OpenTMS-Event35507025718","title":"Road Construction-148652","type":"Road Construction","roads":"US-40E","chain_law":false,"closure":true,"pass_relevant":false,"observed":"2026-10-01T16:45:04.229Z","source":"planned"}},{"type":"Feature","geometry":{"type":"Point","coordinates":[-104.605254,38.284988]},"properties":{"id":"OpenTMS-Event35510572118","title":"I-25/US 50 Interchange Project-148833","type":"Road Construction","roads":"I-25N","chain_law":false,"closure":true,"pass_relevant":false,"observed":"2026-10-05T18:48:29.001Z","source":"planned"}},{"type":"Feature","geometry":{"type":"Point","coordinates":[-106.10144,39.589255]},"properties":{"id":"OpenTMS-Event35583589267","title":"I-70 Exit 203-149066","type":"Road Construction","roads":"I-70E","chain_law":false,"closure":true,"pass_relevant":true,"observed":"2026-10-05T15:52:49.398Z","source":"planned"}},{"type":"Feature","geometry":{"type":"Point","coordinates":[-104.833272,38.867223]},"properties":{"id":"OpenTMS-Event35531459420","title":"I-25 Acceleration/De-Acceleration Lane from Garden of the Gods Road to Fillmore-148973","type":"Paving Operations","roads":"I-25N","chain_law":false,"closure":true,"pass_relevant":false,"observed":"2026-10-02T23:06:49.270Z","source":"planned"}},{"type":"Feature","geometry":{"type":"Point","coordinates":[-105.16587,39.734865]},"properties":{"id":"OpenTMS-Event35503934143","title":"I-70 Resurfacing - Chief Hosa to Colfax-148437","type":"IT or Fiber Optics","roads":"I-70W","chain_law":false,"closure":true,"pass_relevant":true,"observed":"2026-10-01T13:01:32.855Z","source":"planned"}},{"type":"Feature","geometry":{"type":"Point","coordinates":[-105.028843,39.573336]},"properties":{"id":"OpenTMS-Event35614332020","title":"Santa Fe Drive Mineral Ave Operational Improvements-145450","type":"Other","roads":"US-85S","chain_law":false,"closure":true,"pass_relevant":false,"observed":"2026-10-07T06:02:32.589Z","source":"planned"}},{"type":"Feature","geometry":{"type":"Point","coordinates":[-106.251778,37.069148]},"properties":{"id":"OpenTMS-Event35583715188","title":"CO 17 paving -149094","type":"Paving Operations","roads":"CO-17N","chain_law":false,"closure":true,"pass_relevant":false,"observed":"2026-10-05T15:57:24.601Z","source":"planned"}},{"type":"Feature","geometry":{"type":"Point","coordinates":[-105.251807,39.665881]},"properties":{"id":"OpenTMS-Event35509612883","title":"CO 74 Resurfacing-148798","type":"Guardrail","roads":"CO-74E","chain_law":false,"closure":false,"pass_relevant":false,"observed":"2026-10-01T19:58:25.523Z","source":"planned"}},{"type":"Feature","geometry":{"type":"Point","coordinates":[-105.002826,39.74016]},"properties":{"id":"OpenTMS-Event35602284533","title":"Colfax Downtown Rail Reconstruction - 7th & 9th-148337","type":"Road Construction","roads":"US-40W","chain_law":false,"closure":false,"pass_relevant":false,"observed":"2026-10-06T15:03:15.213Z","source":"planned"}},{"type":"Feature","geometry":{"type":"Point","coordinates":[-107.86669,37.233631]},"properties":{"id":"OpenTMS-Event35507024270","title":"Paving Operations-148494","type":"Paving Operations","roads":"US-160E","chain_law":false,"closure":true,"pass_relevant":false,"observed":"2026-10-01T16:44:56.030Z","source":"planned"}},{"type":"Feature","geometry":{"type":"Point","coordinates":[-106.251778,37.069148]},"properties":{"id":"OpenTMS-Event35583715143","title":"CO 17 paving -149091","type":"Paving Operations","roads":"CO-17N","chain_law":false,"closure":true,"pass_relevant":false,"observed":"2026-10-05T15:57:23.351Z","source":"planned"}},{"type":"Feature","geometry":{"type":"Point","coordinates":[-106.251778,37.069148]},"properties":{"id":"OpenTMS-Event35600660822","title":"CO 17 paving -149097","type":"Paving Operations","roads":"CO-17N","chain_law":false,"closure":true,"pass_relevant":false,"observed":"2026-10-06T13:02:28.586Z","source":"planned"}},{"type":"Feature","geometry":{"type":"Point","coordinates":[-104.977802,39.827443]},"properties":{"id":"OpenTMS-Event35505572737","title":"US 36 & I-270 Bridge Preventative Maintenance-148683","type":"Bridge Maintenance Operations","roads":"I-270E","chain_law":false,"closure":true,"pass_relevant":false,"observed":"2026-10-01T15:03:47.563Z","source":"planned"}},{"type":"Feature","geometry":{"type":"Point","coordinates":[-105.039736,38.419881]},"properties":{"id":"OpenTMS-Event35506683224","title":"CO 115  Concrete Preventive Maintenance-148721","type":"Concrete Slab Replacement","roads":"CO-115N","chain_law":false,"closure":true,"pass_relevant":false,"observed":"2026-10-01T16:19:08.821Z","source":"planned"}}]}